[
  {
    "model": "auth.user",
    "pk": 1,
    "fields": {
      "password": "pbkdf2_sha256$100000$CfqZjoRJwoWC$pFy6qW5aS2vKXDst0PlFzo440yGepvNO0XLhKqpVL3s=",
      "last_login": "2018-01-28T19:39:02.757Z",
      "is_superuser": true,
      "username": "admin",
      "first_name": "",
      "last_name": "",
      "email": "abrunacci@bitson.com.ar",
      "is_staff": true,
      "is_active": true,
      "date_joined": "2018-01-19T00:11:38.332Z",
      "groups": [],
      "user_permissions": []
    }
  },
  {
    "model": "auth.user",
    "pk": 2, "fields": {"password": "pbkdf2_sha256$100000$OHg9EwHVRQkZ$Qq8hRmQydGrBeAHuQIo6F2GF7Tz5ZwmLh4hJoACXxMQ=", "last_login": "2018-01-28T23:45:02.853Z", "is_superuser": false, "username": "abrunacci", "first_name": "", "last_name": "", "email": "abrunacci@bitson.group", "is_staff": false, "is_active": true, "date_joined": "2018-01-19T00:18:54.661Z", "groups": [], "user_permissions": []}}, {"model": "auth.user", "pk": 3, "fields": {"password": "pbkdf2_sha256$100000$OTMLVM1b5ysZ$6yp812azHyc/8HzP8KC7V+7T1RbvD2eyr6lEoGIVMwY=", "last_login": "2018-01-19T00:29:39.396Z", "is_superuser": false, "username": "Lengo", "first_name": "", "last_name": "", "email": "lengo@live.com.ar", "is_staff": false, "is_active": true, "date_joined": "2018-01-19T00:29:16.266Z", "groups": [], "user_permissions": []}}, {"model": "auth.user", "pk": 4, "fields": {"password": "pbkdf2_sha256$100000$pI19scRXasOO$hzKD4bpDut6lFLpLfiv5snuje6aSqEv3KnSkytN9AEg=", "last_login": "2018-01-19T19:57:03.368Z", "is_superuser": false, "username": "MarcoCenturion", "first_name": "", "last_name": "", "email": "marcoacenturion@hotmail.com", "is_staff": false, "is_active": true, "date_joined": "2018-01-19T00:29:35.095Z", "groups": [], "user_permissions": []}}, {"model": "auth.user", "pk": 5, "fields": {"password": "pbkdf2_sha256$100000$fZmDeXIOaQix$d402KFnhFRSr+JbeHIQg5ERaB+UH/g9zyHImUVTDjm4=", "last_login": "2018-01-19T01:46:01.052Z", "is_superuser": false, "username": "Martinwizi", "first_name": "", "last_name": "", "email": "martowizi@gmail.com", "is_staff": false, "is_active": true, "date_joined": "2018-01-19T00:53:05.545Z", "groups": [], "user_permissions": []}}, {"model": "auth.user", "pk": 6, "fields": {"password": "pbkdf2_sha256$100000$NoUxfTK2bn9F$DU/ql1CChZxdg9qsmE0nFGnJiquXoNhzgX8iDAXdAyU=", "last_login": "2018-01-28T21:40:49.309Z", "is_superuser": false, "username": "@juanmanutoledo", "first_name": "", "last_name": "", "email": "juanmanuel.toledo@gmail.com", "is_staff": false, "is_active": true, "date_joined": "2018-01-19T01:28:25.110Z", "groups": [], "user_permissions": []}}, {"model": "auth.user", "pk": 7, "fields": {"password": "pbkdf2_sha256$100000$3x8MZu1hFx08$hiLSBnS0rIp8Z3ZueEAKU1k4u+lBFz2qkOGcSDjHlN4=", "last_login": "2018-01-19T02:23:22.973Z", "is_superuser": false, "username": "jayaice", "first_name": "", "last_name": "", "email": "jayaice@gmail.com", "is_staff": false, "is_active": true, "date_joined": "2018-01-19T02:22:47.920Z", "groups": [], "user_permissions": []}}, {"model": "auth.user", "pk": 8, "fields": {"password": "pbkdf2_sha256$100000$nBqP8O15yQfl$66GEFRcbUhonUa92CVbmz+YrBXZgmER66GN4vXYbdTo=", "last_login": "2018-01-21T14:56:54.484Z", "is_superuser": false, "username": "LeoDalo", "first_name": "", "last_name": "", "email": "leodalo@hotmail.com", "is_staff": false, "is_active": true, "date_joined": "2018-01-19T02:54:42.543Z", "groups": [], "user_permissions": []}}, {"model": "auth.user", "pk": 9, "fields": {"password": "pbkdf2_sha256$100000$KAKEVKnrkGoH$t40y19sudhAXrW8o2PPbC3sKTKTpsvuB8pu9FkAyo98=", "last_login": "2018-01-19T19:42:48.532Z", "is_superuser": false, "username": "ChainoMontoya", "first_name": "", "last_name": "", "email": "chinomontoya85@hotmail.com", "is_staff": false, "is_active": true, "date_joined": "2018-01-19T19:32:58.033Z", "groups": [], "user_permissions": []}}, {"model": "auth.user", "pk": 10, "fields": {"password": "pbkdf2_sha256$100000$kVQzc2wIn2j1$9Jfpq3no8m4J7cQ9Hf/n+YzE/6r+p+T1vVW+TcvaWjY=", "last_login": "2018-01-19T22:48:23.041Z", "is_superuser": false, "username": "NicoMaslo", "first_name": "", "last_name": "", "email": "nmaslo@gmail.com", "is_staff": false, "is_active": true, "date_joined": "2018-01-19T22:48:09.305Z", "groups": [], "user_permissions": []}}, {"model": "auth.user", "pk": 11, "fields": {"password": "pbkdf2_sha256$100000$ExYV2TAWPPSJ$A/V5bDakl2bxStk3xmvPXH3dnvfJX2N29O9rZRy6BP8=", "last_login": "2018-01-25T11:16:48.603Z", "is_superuser": false, "username": "luisgonzalo87", "first_name": "", "last_name": "", "email": "luisgonzalo87@gmail.com", "is_staff": false, "is_active": true, "date_joined": "2018-01-19T22:53:55.956Z", "groups": [], "user_permissions": []}}, {"model": "auth.user", "pk": 12, "fields": {"password": "pbkdf2_sha256$100000$m2MS51Beva7V$pnckMEr6Mw0U3ETnprjDStVDelQYC/1YasuFRyb1nko=", "last_login": "2018-01-19T23:25:56.663Z", "is_superuser": false, "username": "ER._", "first_name": "", "last_name": "", "email": "elbioriv@gmail.com", "is_staff": false, "is_active": true, "date_joined": "2018-01-19T23:25:39.081Z", "groups": [], "user_permissions": []}}, {"model": "auth.user", "pk": 13, "fields": {"password": "pbkdf2_sha256$100000$bpJ2SsslBPFA$53kelv6e3vZYeCmOE3CTmxLXHtbkznKdwwoZUqdQuAE=", "last_login": "2018-01-20T02:45:54.816Z", "is_superuser": false, "username": "bilinkis", "first_name": "", "last_name": "", "email": "santiago@bilinkis.com", "is_staff": false, "is_active": true, "date_joined": "2018-01-20T02:45:25.439Z", "groups": [], "user_permissions": []}}, {"model": "auth.user", "pk": 14, "fields": {"password": "pbkdf2_sha256$100000$1kpgrPLS9Hvk$VWGnG2LuEoaDReqCPUzsPwdxjO5nhycXFzhh9q3O0dU=", "last_login": "2018-01-20T15:44:39.638Z", "is_superuser": false, "username": "Hessed.Elohim", "first_name": "", "last_name": "", "email": "lgs991@gmail.com", "is_staff": false, "is_active": true, "date_joined": "2018-01-20T15:44:10.843Z", "groups": [], "user_permissions": []}}, {"model": "auth.user", "pk": 15, "fields": {"password": "pbkdf2_sha256$100000$bYtLrwMTPtDY$e3v09Feew9zadqBqKl/Pags197U3z6XE+FAsfGN1KH4=", "last_login": "2018-01-21T14:39:42.970Z", "is_superuser": false, "username": "mfreixa", "first_name": "", "last_name": "", "email": "miguel.freixa@gmail.com", "is_staff": false, "is_active": true, "date_joined": "2018-01-20T17:25:01.157Z", "groups": [], "user_permissions": []}}, {"model": "auth.user", "pk": 16, "fields": {"password": "pbkdf2_sha256$100000$bE4qy6BS2UmD$b0AsNAl1Z10SeLlwUaCtV5JNMLrYS/ZgKblCM8Dxzfc=", "last_login": "2018-01-28T19:28:01.335Z", "is_superuser": false, "username": "Lean12", "first_name": "", "last_name": "", "email": "leandrosw@gmail.com", "is_staff": false, "is_active": true, "date_joined": "2018-01-21T04:47:10.354Z", "groups": [], "user_permissions": []}}, {"model": "auth.user", "pk": 17, "fields": {"password": "pbkdf2_sha256$100000$sgddaXobKRJV$+/zcFU+aj1Tsgv7b+jSRex40dgLFInWxRfIyd53J/Dc=", "last_login": "2018-01-21T05:08:17.526Z", "is_superuser": false, "username": "Tiagosan", "first_name": "", "last_name": "", "email": "tiago.packers@gmail.com", "is_staff": false, "is_active": true, "date_joined": "2018-01-21T05:07:25.360Z", "groups": [], "user_permissions": []}}, {"model": "auth.user", "pk": 18, "fields": {"password": "pbkdf2_sha256$100000$dgRBmLaRuVKy$xacqTe0hs4enGotPljKWsjo4TfjWdGT6zesgtG5p2wQ=", "last_login": "2018-01-21T14:25:42.407Z", "is_superuser": false, "username": "EGiroldi", "first_name": "", "last_name": "", "email": "estebangiroldi@gmail.com", "is_staff": false, "is_active": true, "date_joined": "2018-01-21T05:38:22.744Z", "groups": [], "user_permissions": []}}, {"model": "auth.user", "pk": 20, "fields": {"password": "pbkdf2_sha256$100000$zdFaXJE9QmKl$PA0vKlP09Cy1Ty8csUoGPIa4B9oN6MbZQFZi/z706Hs=", "last_login": "2018-01-21T14:46:52.027Z", "is_superuser": false, "username": "nachochans", "first_name": "", "last_name": "", "email": "ignaciochans@gmail.com", "is_staff": false, "is_active": true, "date_joined": "2018-01-21T13:53:41Z", "groups": [], "user_permissions": []}}, {"model": "auth.user", "pk": 21, "fields": {"password": "pbkdf2_sha256$100000$ePZKL6a9G3Ka$iiFoGapFvyqhel0YlEPjBbzEK44ud2o8t6x+LhdBYCg=", "last_login": "2018-01-21T14:33:20.196Z", "is_superuser": false, "username": "leomonge", "first_name": "", "last_name": "", "email": "leomonge@gmail.com", "is_staff": false, "is_active": true, "date_joined": "2018-01-21T14:33:01.835Z", "groups": [], "user_permissions": []}}, {"model": "auth.user", "pk": 22, "fields": {"password": "pbkdf2_sha256$100000$UAW39QTOpYw0$wFUqVQr+txDxBarX0YbpgNqmltuhQXf2/mR/OafWYxU=", "last_login": "2018-01-21T14:40:03.818Z", "is_superuser": false, "username": "agustinpr1", "first_name": "", "last_name": "", "email": "agustin_pr1@hotmail.com", "is_staff": false, "is_active": true, "date_joined": "2018-01-21T14:39:42.447Z", "groups": [], "user_permissions": []}}, {"model": "auth.user", "pk": 23, "fields": {"password": "pbkdf2_sha256$100000$JN3KdNiuRWOt$Hu4Rz2q5CjcyAyN9Wy2YHVD1T0Kn9NJr684OPHFKOus=", "last_login": "2018-01-25T14:45:51.379Z", "is_superuser": false, "username": "NachoisoGBP", "first_name": "", "last_name": "", "email": "ignaisolabella@yahoo.com.ar", "is_staff": false, "is_active": true, "date_joined": "2018-01-21T19:18:07.203Z", "groups": [], "user_permissions": []}}, {"model": "auth.user", "pk": 24, "fields": {"password": "pbkdf2_sha256$100000$4ztFBFlt0kKK$OfrL+yR2mM+K3yN8XUt6UezKQltCFLTypTCugceMsPM=", "last_login": "2018-01-28T19:37:08.794Z", "is_superuser": false, "username": "Hugo", "first_name": "", "last_name": "", "email": "lapitz91@gmail.com", "is_staff": false, "is_active": true, "date_joined": "2018-01-28T19:36:46.222Z", "groups": [], "user_permissions": []}}, {"model": "auth.user", "pk": 25, "fields": {"password": "pbkdf2_sha256$100000$w6w0LvCMhNcI$aBl+xZT8eoC7X73R569vzPr3oJ0sWWC6cvLQ5MyvEw0=", "last_login": "2018-01-28T20:42:35.705Z", "is_superuser": false, "username": "Bilinkise", "first_name": "", "last_name": "", "email": "equi@bilinkis.com", "is_staff": false, "is_active": true, "date_joined": "2018-01-28T20:41:14.680Z", "groups": [], "user_permissions": []}}, {"model": "sessions.session", "pk": "0jpfwavpspxhkqj6d10elmn0fwe3qktb", "fields": {"session_data": "MTQxODBlNWUwZDdhODc0YTFjNDNiNmNlYmI4YTJkMGRjNWI0NDdkYTp7Il9hdXRoX3VzZXJfaWQiOiIxMiIsIl9hdXRoX3VzZXJfYmFja2VuZCI6ImRqYW5nby5jb250cmliLmF1dGguYmFja2VuZHMuTW9kZWxCYWNrZW5kIiwiX2F1dGhfdXNlcl9oYXNoIjoiMTY4NjkyOGMxOWE1Mjg1MzA0ODY2MGUwODZmN2M2MjVmOGQ2ZjZhMyJ9", "expire_date": "2018-02-02T23:25:56.687Z"}}, {"model": "sessions.session", "pk": "1bqbtf2u0dz575384nwzkts0umrixjef", "fields": {"session_data": "ZTAxMmY3YjFiYjNlMTgzNzhjNjY2NjhjNDc4NDdmNDk2YTY0NzI5MDp7Il9hdXRoX3VzZXJfaWQiOiI4IiwiX2F1dGhfdXNlcl9iYWNrZW5kIjoiZGphbmdvLmNvbnRyaWIuYXV0aC5iYWNrZW5kcy5Nb2RlbEJhY2tlbmQiLCJfYXV0aF91c2VyX2hhc2giOiI1Y2QxY2Y4OGRkZWMyZWZhZGEyZmQ1NWM0Yzc3ZTZlMzNmZjg0NWU5In0=", "expire_date": "2018-02-02T10:21:08.948Z"}}, {"model": "sessions.session", "pk": "1cdx0laz36eylwwv8mvyfigev3u2hnbd", "fields": {"session_data": "NTA1N2RiYWVmYmFhMmNjMTg4N2E2M2ZmZDE3MGJiMDcxNzU1MWNiZDp7Il9hdXRoX3VzZXJfaWQiOiIyIiwiX2F1dGhfdXNlcl9iYWNrZW5kIjoiZGphbmdvLmNvbnRyaWIuYXV0aC5iYWNrZW5kcy5Nb2RlbEJhY2tlbmQiLCJfYXV0aF91c2VyX2hhc2giOiI4OGFmMjFkYzNmYjU3N2EzMDYyZjNhMDQxMzJjZTgyNTU5Njk3MmJiIn0=", "expire_date": "2018-02-08T14:27:35.059Z"}}, {"model": "sessions.session", "pk": "31ugmxydc5juq7egb09sz7oqmmq05x43", "fields": {"session_data": "NzU5N2M1OGNjZjdmNzczMjgzMTM2YjIzZjIxYzNmNzIzZGUwYTcyYTp7Il9hdXRoX3VzZXJfaWQiOiIxNyIsIl9hdXRoX3VzZXJfYmFja2VuZCI6ImRqYW5nby5jb250cmliLmF1dGguYmFja2VuZHMuTW9kZWxCYWNrZW5kIiwiX2F1dGhfdXNlcl9oYXNoIjoiOTZjY2U0YmM2ZDUyMzcwZTE4NTllZjYxN2UzNzI2MTViZmU5ZGUzZCJ9", "expire_date": "2018-02-04T05:08:17.536Z"}}, {"model": "sessions.session", "pk": "4n5vrho60tcib1e393umhwz12fxja38b", "fields": {"session_data": "YmZjMWU0MzAzMzYwZTdiNTVjNjlkYTBhYWY1ZmJhNTdiMjQ4ODdmNDp7Il9hdXRoX3VzZXJfaWQiOiIxNiIsIl9hdXRoX3VzZXJfYmFja2VuZCI6ImRqYW5nby5jb250cmliLmF1dGguYmFja2VuZHMuTW9kZWxCYWNrZW5kIiwiX2F1dGhfdXNlcl9oYXNoIjoiZWE1OThkMGVhMDZhNmUzYWY5ZGVlMWFkYTc2ZGI4YzBhYzA3NDM0NiJ9", "expire_date": "2018-02-11T19:28:01.352Z"}}, {"model": "sessions.session", "pk": "5lar1js19z903nqofuae50z1fqltk4r2", "fields": {"session_data": "YjM2ZjE4N2ZhNTgwZDJiZjYyOWRjMDJlZDdjN2FlMWQ1ZDNhYWFjZTp7Il9hdXRoX3VzZXJfaWQiOiIxNSIsIl9hdXRoX3VzZXJfYmFja2VuZCI6ImRqYW5nby5jb250cmliLmF1dGguYmFja2VuZHMuTW9kZWxCYWNrZW5kIiwiX2F1dGhfdXNlcl9oYXNoIjoiMzQxMDczMjhiYjIxYjQ5OTY5Zjc2ZWFlNzUxZWI5ZmMwYjBjNTJkOSJ9", "expire_date": "2018-02-03T17:26:56.891Z"}}, {"model": "sessions.session", "pk": "5nxzt058l6ndydna6wdcc55in4nt3rpp", "fields": {"session_data": "NTA1N2RiYWVmYmFhMmNjMTg4N2E2M2ZmZDE3MGJiMDcxNzU1MWNiZDp7Il9hdXRoX3VzZXJfaWQiOiIyIiwiX2F1dGhfdXNlcl9iYWNrZW5kIjoiZGphbmdvLmNvbnRyaWIuYXV0aC5iYWNrZW5kcy5Nb2RlbEJhY2tlbmQiLCJfYXV0aF91c2VyX2hhc2giOiI4OGFmMjFkYzNmYjU3N2EzMDYyZjNhMDQxMzJjZTgyNTU5Njk3MmJiIn0=", "expire_date": "2018-02-03T19:55:56.316Z"}}, {"model": "sessions.session", "pk": "6uosc89tfi8jepf0z7gs1l2rc73ahbou", "fields": {"session_data": "YTAzMDVjZTFkOTIwNjE1ZjI0ZmE3OTdiNzU0ZGY5ZDc5ZWQ4ZWZhNjp7Il9hdXRoX3VzZXJfaWQiOiIxIiwiX2F1dGhfdXNlcl9iYWNrZW5kIjoiZGphbmdvLmNvbnRyaWIuYXV0aC5iYWNrZW5kcy5Nb2RlbEJhY2tlbmQiLCJfYXV0aF91c2VyX2hhc2giOiJjZTZhM2FmN2YyNjdiOWM5NzEzNDQ5Yzc0ZTk5OWI4YzQ5MWFmYzQ3In0=", "expire_date": "2018-02-11T19:39:02.768Z"}}, {"model": "sessions.session", "pk": "8suswfio1vbam251f65iha2581rv1lcj", "fields": {"session_data": "YTAzMDVjZTFkOTIwNjE1ZjI0ZmE3OTdiNzU0ZGY5ZDc5ZWQ4ZWZhNjp7Il9hdXRoX3VzZXJfaWQiOiIxIiwiX2F1dGhfdXNlcl9iYWNrZW5kIjoiZGphbmdvLmNvbnRyaWIuYXV0aC5iYWNrZW5kcy5Nb2RlbEJhY2tlbmQiLCJfYXV0aF91c2VyX2hhc2giOiJjZTZhM2FmN2YyNjdiOWM5NzEzNDQ5Yzc0ZTk5OWI4YzQ5MWFmYzQ3In0=", "expire_date": "2018-02-05T03:02:15.318Z"}}, {"model": "sessions.session", "pk": "9ztdlp64ip5f9t2vcd3ijtio46s0ua07", "fields": {"session_data": "YWE2MjRhNjdhNmNjODhmOTZkYjcwNjcxYzMxZTg5YTY4ODQ5MWFlMzp7Il9hdXRoX3VzZXJfaWQiOiIyMCIsIl9hdXRoX3VzZXJfYmFja2VuZCI6ImRqYW5nby5jb250cmliLmF1dGguYmFja2VuZHMuTW9kZWxCYWNrZW5kIiwiX2F1dGhfdXNlcl9oYXNoIjoiMjQwMjc3OGNjNTRhYjBlOThmY2UxMmQ0ZGM0ZGEzNGU1NmI5MzIyOSJ9", "expire_date": "2018-02-04T14:46:52.044Z"}}, {"model": "sessions.session", "pk": "a9d20c2h97gzhd2iqscumasrlhsmznqp", "fields": {"session_data": "YTAzMDVjZTFkOTIwNjE1ZjI0ZmE3OTdiNzU0ZGY5ZDc5ZWQ4ZWZhNjp7Il9hdXRoX3VzZXJfaWQiOiIxIiwiX2F1dGhfdXNlcl9iYWNrZW5kIjoiZGphbmdvLmNvbnRyaWIuYXV0aC5iYWNrZW5kcy5Nb2RlbEJhY2tlbmQiLCJfYXV0aF91c2VyX2hhc2giOiJjZTZhM2FmN2YyNjdiOWM5NzEzNDQ5Yzc0ZTk5OWI4YzQ5MWFmYzQ3In0=", "expire_date": "2018-02-02T12:18:10.340Z"}}, {"model": "sessions.session", "pk": "ad6i9db9bdc0131gfccv0t9eirygwi9e", "fields": {"session_data": "M2RlNzQzMjcyMmY0NTA5ZDA2YzBiNjllOWQ0NjVhYWI4MGY0OGMyYjp7Il9hdXRoX3VzZXJfaWQiOiI0IiwiX2F1dGhfdXNlcl9iYWNrZW5kIjoiZGphbmdvLmNvbnRyaWIuYXV0aC5iYWNrZW5kcy5Nb2RlbEJhY2tlbmQiLCJfYXV0aF91c2VyX2hhc2giOiJjMDUwODZmNDNiNmFjZTk2ZTJiMTAxM2NkZDEwYTc2NjYyMGQ4ZjljIn0=", "expire_date": "2018-02-02T00:29:45.153Z"}}, {"model": "sessions.session", "pk": "auqhf08rbh40pjk9ek3m6c9whpy7747x", "fields": {"session_data": "M2Y0OGE4ZTVmZDY4YzljY2NhOTJhNGNhZmVmY2Q2YzU1MDhjZmJjNjp7Il9hdXRoX3VzZXJfaWQiOiIyNCIsIl9hdXRoX3VzZXJfYmFja2VuZCI6ImRqYW5nby5jb250cmliLmF1dGguYmFja2VuZHMuTW9kZWxCYWNrZW5kIiwiX2F1dGhfdXNlcl9oYXNoIjoiMDk5MmRiOGZmODAyYzVhMzBmOTMwMmRiZTQ1YWNjMTFjODU3YTY4MiJ9", "expire_date": "2018-02-11T19:37:08.810Z"}}, {"model": "sessions.session", "pk": "cvs7yy9dzlf5h2wtiahqeqbv0847xs9v", "fields": {"session_data": "M2RlNzQzMjcyMmY0NTA5ZDA2YzBiNjllOWQ0NjVhYWI4MGY0OGMyYjp7Il9hdXRoX3VzZXJfaWQiOiI0IiwiX2F1dGhfdXNlcl9iYWNrZW5kIjoiZGphbmdvLmNvbnRyaWIuYXV0aC5iYWNrZW5kcy5Nb2RlbEJhY2tlbmQiLCJfYXV0aF91c2VyX2hhc2giOiJjMDUwODZmNDNiNmFjZTk2ZTJiMTAxM2NkZDEwYTc2NjYyMGQ4ZjljIn0=", "expire_date": "2018-02-02T00:30:30.313Z"}}, {"model": "sessions.session", "pk": "d76l86dfah72c8akbwm3uqidpoeqj8i9", "fields": {"session_data": "Yjk2Zjc2Nzg5ZmIyYzQ4MzVkZmU3YTYxMWI0MmFiOTQ2NTQxMWFiOTp7Il9hdXRoX3VzZXJfaWQiOiIyIiwiX2F1dGhfdXNlcl9iYWNrZW5kIjoiZGphbmdvLmNvbnRyaWIuYXV0aC5iYWNrZW5kcy5Nb2RlbEJhY2tlbmQiLCJfYXV0aF91c2VyX2hhc2giOiJiMzc5ZWNiYjg5NjU2YjdkMDJhZjJjNDFmNTZkNWY5NzgzN2RjNTdjIn0=", "expire_date": "2018-02-11T23:45:04.589Z"}}, {"model": "sessions.session", "pk": "dgy1j3ik8dd5orxskdl27x6n07c0a3iq", "fields": {"session_data": "NDU4ODIzNTkyYjMxZDlmY2Y1MjRkOTUwMjc5NjAwYzdkOTE5ZDA4ZTp7Il9hdXRoX3VzZXJfaWQiOiIxMCIsIl9hdXRoX3VzZXJfYmFja2VuZCI6ImRqYW5nby5jb250cmliLmF1dGguYmFja2VuZHMuTW9kZWxCYWNrZW5kIiwiX2F1dGhfdXNlcl9oYXNoIjoiZDM1MGYzMzJhYjM1NjkyYzZkYzc3OTcwZTc4MGMyMGQ0NjNiZTJhNSJ9", "expire_date": "2018-02-02T22:48:23.061Z"}}, {"model": "sessions.session", "pk": "do17xo2x5lzwlk1hvxmfqf77sfvccpsu", "fields": {"session_data": "NTA1N2RiYWVmYmFhMmNjMTg4N2E2M2ZmZDE3MGJiMDcxNzU1MWNiZDp7Il9hdXRoX3VzZXJfaWQiOiIyIiwiX2F1dGhfdXNlcl9iYWNrZW5kIjoiZGphbmdvLmNvbnRyaWIuYXV0aC5iYWNrZW5kcy5Nb2RlbEJhY2tlbmQiLCJfYXV0aF91c2VyX2hhc2giOiI4OGFmMjFkYzNmYjU3N2EzMDYyZjNhMDQxMzJjZTgyNTU5Njk3MmJiIn0=", "expire_date": "2018-02-04T04:52:56.011Z"}}, {"model": "sessions.session", "pk": "e9oxihplyxhlxvtalt7kw0hhmj70eh4a", "fields": {"session_data": "ZjNlM2JmYzJkNjQ4MjdmYWJiNjliMGUwNDRhODM0YzRlM2RmZDYzYjp7Il9hdXRoX3VzZXJfaWQiOiI3IiwiX2F1dGhfdXNlcl9iYWNrZW5kIjoiZGphbmdvLmNvbnRyaWIuYXV0aC5iYWNrZW5kcy5Nb2RlbEJhY2tlbmQiLCJfYXV0aF91c2VyX2hhc2giOiIzODBmNzlmNmRlYzNkYzFjMjQzMDg1OWZkZTBiMTJiMDBmMzIyOGQ2In0=", "expire_date": "2018-02-02T02:23:22.985Z"}}, {"model": "sessions.session", "pk": "eaizdfo2i6x4lm6z1o6rmtlbqbc6pe2z", "fields": {"session_data": "NmE5YTAzNTIzZDJjZTM5ZjI5NWE0MmY1OTA3ZGE1MjMzMzllYWI1Nzp7Il9hdXRoX3VzZXJfaWQiOiI1IiwiX2F1dGhfdXNlcl9iYWNrZW5kIjoiZGphbmdvLmNvbnRyaWIuYXV0aC5iYWNrZW5kcy5Nb2RlbEJhY2tlbmQiLCJfYXV0aF91c2VyX2hhc2giOiIwNGY4ZmE2NGU4OWIzN2U2YWJiNDRjZDM2MmU1NDQ3N2IwYWY4Mzg2In0=", "expire_date": "2018-02-02T01:46:01.067Z"}}, {"model": "sessions.session", "pk": "eihp6ng4tva93cgpaa0mk2xfhooev7jg", "fields": {"session_data": "M2RlNzQzMjcyMmY0NTA5ZDA2YzBiNjllOWQ0NjVhYWI4MGY0OGMyYjp7Il9hdXRoX3VzZXJfaWQiOiI0IiwiX2F1dGhfdXNlcl9iYWNrZW5kIjoiZGphbmdvLmNvbnRyaWIuYXV0aC5iYWNrZW5kcy5Nb2RlbEJhY2tlbmQiLCJfYXV0aF91c2VyX2hhc2giOiJjMDUwODZmNDNiNmFjZTk2ZTJiMTAxM2NkZDEwYTc2NjYyMGQ4ZjljIn0=", "expire_date": "2018-02-02T19:57:03.389Z"}}, {"model": "sessions.session", "pk": "fzmpq9yakdfb5zrad8zhg09i7vgj2oq5", "fields": {"session_data": "NzM3NTliZjVkMzM4MGI5ZTdjNzljMjdlNDUwNmZiNWJhY2E1NzE4OTp7Il9hdXRoX3VzZXJfaWQiOiIxMyIsIl9hdXRoX3VzZXJfYmFja2VuZCI6ImRqYW5nby5jb250cmliLmF1dGguYmFja2VuZHMuTW9kZWxCYWNrZW5kIiwiX2F1dGhfdXNlcl9oYXNoIjoiNjc2MTAwNTZkNGQxZDVmNGIyMGU3NWUwYzA5MDI0NDUyMzM3YTc4NyJ9", "expire_date": "2018-02-03T02:45:54.830Z"}}, {"model": "sessions.session", "pk": "gm4pb9cqn30e3k5zl4tv6xh15kbkyba5", "fields": {"session_data": "NTA1N2RiYWVmYmFhMmNjMTg4N2E2M2ZmZDE3MGJiMDcxNzU1MWNiZDp7Il9hdXRoX3VzZXJfaWQiOiIyIiwiX2F1dGhfdXNlcl9iYWNrZW5kIjoiZGphbmdvLmNvbnRyaWIuYXV0aC5iYWNrZW5kcy5Nb2RlbEJhY2tlbmQiLCJfYXV0aF91c2VyX2hhc2giOiI4OGFmMjFkYzNmYjU3N2EzMDYyZjNhMDQxMzJjZTgyNTU5Njk3MmJiIn0=", "expire_date": "2018-02-02T00:35:10.102Z"}}, {"model": "sessions.session", "pk": "i0gic0hn0xcfhbmr4os48ek94n0g3iw2", "fields": {"session_data": "NzcwMTY0ODE2ZjMwNzIyNzJlMDZkOThjZjllMDMzNDNkM2ZhZmE1MDp7Il9hdXRoX3VzZXJfaWQiOiIxNCIsIl9hdXRoX3VzZXJfYmFja2VuZCI6ImRqYW5nby5jb250cmliLmF1dGguYmFja2VuZHMuTW9kZWxCYWNrZW5kIiwiX2F1dGhfdXNlcl9oYXNoIjoiNTk3NmI1ZmU0YmQ2Mjk2OGI5ZDdlNWQ5NmQ0ZTAwN2Q1ZDIyYmU2NSJ9", "expire_date": "2018-02-03T15:44:39.657Z"}}, {"model": "sessions.session", "pk": "k9u3pjyaeda4epe13e8123grun9sefu7", "fields": {"session_data": "YTAzMDVjZTFkOTIwNjE1ZjI0ZmE3OTdiNzU0ZGY5ZDc5ZWQ4ZWZhNjp7Il9hdXRoX3VzZXJfaWQiOiIxIiwiX2F1dGhfdXNlcl9iYWNrZW5kIjoiZGphbmdvLmNvbnRyaWIuYXV0aC5iYWNrZW5kcy5Nb2RlbEJhY2tlbmQiLCJfYXV0aF91c2VyX2hhc2giOiJjZTZhM2FmN2YyNjdiOWM5NzEzNDQ5Yzc0ZTk5OWI4YzQ5MWFmYzQ3In0=", "expire_date": "2018-02-02T01:29:51.028Z"}}, {"model": "sessions.session", "pk": "leoxmxo0q554szbni56oack6jh9a4x7q", "fields": {"session_data": "NTA1N2RiYWVmYmFhMmNjMTg4N2E2M2ZmZDE3MGJiMDcxNzU1MWNiZDp7Il9hdXRoX3VzZXJfaWQiOiIyIiwiX2F1dGhfdXNlcl9iYWNrZW5kIjoiZGphbmdvLmNvbnRyaWIuYXV0aC5iYWNrZW5kcy5Nb2RlbEJhY2tlbmQiLCJfYXV0aF91c2VyX2hhc2giOiI4OGFmMjFkYzNmYjU3N2EzMDYyZjNhMDQxMzJjZTgyNTU5Njk3MmJiIn0=", "expire_date": "2018-02-02T12:10:10.180Z"}}, {"model": "sessions.session", "pk": "ng625mwptl7wuas9s3arwq0f2sd2hi1l", "fields": {"session_data": "YTAzMDVjZTFkOTIwNjE1ZjI0ZmE3OTdiNzU0ZGY5ZDc5ZWQ4ZWZhNjp7Il9hdXRoX3VzZXJfaWQiOiIxIiwiX2F1dGhfdXNlcl9iYWNrZW5kIjoiZGphbmdvLmNvbnRyaWIuYXV0aC5iYWNrZW5kcy5Nb2RlbEJhY2tlbmQiLCJfYXV0aF91c2VyX2hhc2giOiJjZTZhM2FmN2YyNjdiOWM5NzEzNDQ5Yzc0ZTk5OWI4YzQ5MWFmYzQ3In0=", "expire_date": "2018-02-04T05:06:39.651Z"}}, {"model": "sessions.session", "pk": "oeg220yrr6e5psf7x60n29fieaxgd79g", "fields": {"session_data": "NDZmZjNjNzc4MjI4M2EyMzI5NTEwMTFiYzFkZTkzYzJjNzI3YjE5Mzp7Il9hdXRoX3VzZXJfaWQiOiIxNiIsIl9hdXRoX3VzZXJfYmFja2VuZCI6ImRqYW5nby5jb250cmliLmF1dGguYmFja2VuZHMuTW9kZWxCYWNrZW5kIiwiX2F1dGhfdXNlcl9oYXNoIjoiM2MyYjY3NGRkMDk5MjAxYjcxN2JjNTMyMzQyZTYwM2Q1NDUzZTc0NCJ9", "expire_date": "2018-02-04T04:47:28.699Z"}}, {"model": "sessions.session", "pk": "ooez376oebvowg9g4cwucxowct07ikqy", "fields": {"session_data": "NWE1NWE0YTNlOTg2NDc5ZjZiODI3M2RiYTVlYmE2MzdlZTQ3YzRhYjp7Il9hdXRoX3VzZXJfaWQiOiIyMSIsIl9hdXRoX3VzZXJfYmFja2VuZCI6ImRqYW5nby5jb250cmliLmF1dGguYmFja2VuZHMuTW9kZWxCYWNrZW5kIiwiX2F1dGhfdXNlcl9oYXNoIjoiYTYwYzY3ZjQyZWQ1YWUzZGU2YTRmZmFiZTNiMDI1OTZiZGU3OTkxYiJ9", "expire_date": "2018-02-04T14:33:20.211Z"}}, {"model": "sessions.session", "pk": "pmmmozh4kd429yyu4q15g9jhe18tgchi", "fields": {"session_data": "NTA1N2RiYWVmYmFhMmNjMTg4N2E2M2ZmZDE3MGJiMDcxNzU1MWNiZDp7Il9hdXRoX3VzZXJfaWQiOiIyIiwiX2F1dGhfdXNlcl9iYWNrZW5kIjoiZGphbmdvLmNvbnRyaWIuYXV0aC5iYWNrZW5kcy5Nb2RlbEJhY2tlbmQiLCJfYXV0aF91c2VyX2hhc2giOiI4OGFmMjFkYzNmYjU3N2EzMDYyZjNhMDQxMzJjZTgyNTU5Njk3MmJiIn0=", "expire_date": "2018-02-08T10:40:55.414Z"}}, {"model": "sessions.session", "pk": "q329fiu9m4ut6q3gpdxohq9zo7edgf4n", "fields": {"session_data": "NTA1N2RiYWVmYmFhMmNjMTg4N2E2M2ZmZDE3MGJiMDcxNzU1MWNiZDp7Il9hdXRoX3VzZXJfaWQiOiIyIiwiX2F1dGhfdXNlcl9iYWNrZW5kIjoiZGphbmdvLmNvbnRyaWIuYXV0aC5iYWNrZW5kcy5Nb2RlbEJhY2tlbmQiLCJfYXV0aF91c2VyX2hhc2giOiI4OGFmMjFkYzNmYjU3N2EzMDYyZjNhMDQxMzJjZTgyNTU5Njk3MmJiIn0=", "expire_date": "2018-02-04T23:18:07.023Z"}}, {"model": "sessions.session", "pk": "qjq982w8hfuabjqms7rs4fhgmult0nyi", "fields": {"session_data": "MzhjYzJlNThhMDZlODY1ZjdiNmM4NzA5ODMyMDQzYzNkNzkwNWNkNjp7Il9hdXRoX3VzZXJfaWQiOiIxOCIsIl9hdXRoX3VzZXJfYmFja2VuZCI6ImRqYW5nby5jb250cmliLmF1dGguYmFja2VuZHMuTW9kZWxCYWNrZW5kIiwiX2F1dGhfdXNlcl9oYXNoIjoiOWExOWQ3MTU4ODYyODQwMmM4M2Y4MmM1NzExNmY4YzFiMTgzNmM1OCJ9", "expire_date": "2018-02-04T14:25:42.428Z"}}, {"model": "sessions.session", "pk": "tznvjizcx34c1q1h37r20anlasb95ihi", "fields": {"session_data": "ZGI1YWQ4OWZhNjJkOGI2M2MxZWY3YTRhYjc2ODYyZTYxNDU5YWI0Njp7Il9hdXRoX3VzZXJfaWQiOiIyNSIsIl9hdXRoX3VzZXJfYmFja2VuZCI6ImRqYW5nby5jb250cmliLmF1dGguYmFja2VuZHMuTW9kZWxCYWNrZW5kIiwiX2F1dGhfdXNlcl9oYXNoIjoiZjBjZmFlNTAxYTZiMzEyN2QzNTM5NDMwM2FmZWRhYjg3NmM4NTBjYSJ9", "expire_date": "2018-02-11T20:42:35.722Z"}}, {"model": "sessions.session", "pk": "u782lkcwea5hrdoxozoxirjw3x9rgs48", "fields": {"session_data": "NDE3OTUyZTAzMzJiY2RmMWFkNDVkOWI0MDJlZjg5ZDViZThmODE1NTp7Il9hdXRoX3VzZXJfaWQiOiI2IiwiX2F1dGhfdXNlcl9iYWNrZW5kIjoiZGphbmdvLmNvbnRyaWIuYXV0aC5iYWNrZW5kcy5Nb2RlbEJhY2tlbmQiLCJfYXV0aF91c2VyX2hhc2giOiJlYTQwZmZhYmFkY2I1ODM3ZTkwNDc5NjJjMzdhOWI1ZjNmM2FhZDQ4In0=", "expire_date": "2018-02-08T13:13:36.929Z"}}, {"model": "sessions.session", "pk": "wm7af48zukdltinfeno6ckplxijo00p7", "fields": {"session_data": "YzA4NmZjMjdkOTQxMzg5ZTA1MTAxNTc3MjA0Mzk0NDMxMjYwN2Q0ZDp7Il9hdXRoX3VzZXJfaWQiOiIzIiwiX2F1dGhfdXNlcl9iYWNrZW5kIjoiZGphbmdvLmNvbnRyaWIuYXV0aC5iYWNrZW5kcy5Nb2RlbEJhY2tlbmQiLCJfYXV0aF91c2VyX2hhc2giOiJhY2FiOThjM2M2NTVlMjUzODM5MzFjNmJiMGI0NDgxNjMzMzQwNmFlIn0=", "expire_date": "2018-02-02T00:29:39.410Z"}}, {"model": "sessions.session", "pk": "x07mu2xe4lw6hv5rqu0zc24tnom04f8d", "fields": {"session_data": "ZDBjOWU0NzE2OGI5Nzg3MzZjYzEwOTM0YmQ2ODI2YTJjZDdiZjM2Yjp7Il9hdXRoX3VzZXJfaWQiOiIyMyIsIl9hdXRoX3VzZXJfYmFja2VuZCI6ImRqYW5nby5jb250cmliLmF1dGguYmFja2VuZHMuTW9kZWxCYWNrZW5kIiwiX2F1dGhfdXNlcl9oYXNoIjoiNGExOGRhMDM3MWZiMmFkMTM3ZjAyOTk4MzYwZmM1N2Q0YjQ5ZWRkNSJ9", "expire_date": "2018-02-04T19:18:28.219Z"}}, {"model": "sessions.session", "pk": "xbkzy5gkxegy4m72rqchrc52i55ap7np", "fields": {"session_data": "ZDBjOWU0NzE2OGI5Nzg3MzZjYzEwOTM0YmQ2ODI2YTJjZDdiZjM2Yjp7Il9hdXRoX3VzZXJfaWQiOiIyMyIsIl9hdXRoX3VzZXJfYmFja2VuZCI6ImRqYW5nby5jb250cmliLmF1dGguYmFja2VuZHMuTW9kZWxCYWNrZW5kIiwiX2F1dGhfdXNlcl9oYXNoIjoiNGExOGRhMDM3MWZiMmFkMTM3ZjAyOTk4MzYwZmM1N2Q0YjQ5ZWRkNSJ9", "expire_date": "2018-02-08T14:45:51.417Z"}}, {"model": "sessions.session", "pk": "xbq02b25j06bxqq0u2zsw0egankuw7xm", "fields": {"session_data": "ZTAxMmY3YjFiYjNlMTgzNzhjNjY2NjhjNDc4NDdmNDk2YTY0NzI5MDp7Il9hdXRoX3VzZXJfaWQiOiI4IiwiX2F1dGhfdXNlcl9iYWNrZW5kIjoiZGphbmdvLmNvbnRyaWIuYXV0aC5iYWNrZW5kcy5Nb2RlbEJhY2tlbmQiLCJfYXV0aF91c2VyX2hhc2giOiI1Y2QxY2Y4OGRkZWMyZWZhZGEyZmQ1NWM0Yzc3ZTZlMzNmZjg0NWU5In0=", "expire_date": "2018-02-02T10:21:08.954Z"}}, {"model": "sessions.session", "pk": "xkmnddnuctv6f1jjmdjpva691ed2mmje", "fields": {"session_data": "NDE3OTUyZTAzMzJiY2RmMWFkNDVkOWI0MDJlZjg5ZDViZThmODE1NTp7Il9hdXRoX3VzZXJfaWQiOiI2IiwiX2F1dGhfdXNlcl9iYWNrZW5kIjoiZGphbmdvLmNvbnRyaWIuYXV0aC5iYWNrZW5kcy5Nb2RlbEJhY2tlbmQiLCJfYXV0aF91c2VyX2hhc2giOiJlYTQwZmZhYmFkY2I1ODM3ZTkwNDc5NjJjMzdhOWI1ZjNmM2FhZDQ4In0=", "expire_date": "2018-02-05T03:05:21.601Z"}}, {"model": "sessions.session", "pk": "xnrmm406a2d8ati5hba54934h4xivjv3", "fields": {"session_data": "MTNhNzk1ZThkZGVmOWI3ODNlOWNjZGNjYzMyZjNlYThlMmE0YzRkYjp7Il9hdXRoX3VzZXJfaWQiOiI5IiwiX2F1dGhfdXNlcl9iYWNrZW5kIjoiZGphbmdvLmNvbnRyaWIuYXV0aC5iYWNrZW5kcy5Nb2RlbEJhY2tlbmQiLCJfYXV0aF91c2VyX2hhc2giOiJiODU3YWZkYTkyOGM1NGRjMmFiZTA4ZjRkNGI0MWM1NDVmOTExZWYzIn0=", "expire_date": "2018-02-02T19:42:48.549Z"}}, {"model": "sessions.session", "pk": "xqns06jhjhm4oydemdjl7fdqynveb11g", "fields": {"session_data": "NDE3OTUyZTAzMzJiY2RmMWFkNDVkOWI0MDJlZjg5ZDViZThmODE1NTp7Il9hdXRoX3VzZXJfaWQiOiI2IiwiX2F1dGhfdXNlcl9iYWNrZW5kIjoiZGphbmdvLmNvbnRyaWIuYXV0aC5iYWNrZW5kcy5Nb2RlbEJhY2tlbmQiLCJfYXV0aF91c2VyX2hhc2giOiJlYTQwZmZhYmFkY2I1ODM3ZTkwNDc5NjJjMzdhOWI1ZjNmM2FhZDQ4In0=", "expire_date": "2018-02-11T21:40:49.330Z"}}, {"model": "sessions.session", "pk": "xv9nc0hxaemxuydv13qbepdamdu6gmqs", "fields": {"session_data": "MjM5NjQ2MWU5YWM4ZDhiMTc5YTU0NjI2OTNlMmRhMGI0MWY0YmI1Zjp7Il9hdXRoX3VzZXJfaWQiOiIyMiIsIl9hdXRoX3VzZXJfYmFja2VuZCI6ImRqYW5nby5jb250cmliLmF1dGguYmFja2VuZHMuTW9kZWxCYWNrZW5kIiwiX2F1dGhfdXNlcl9oYXNoIjoiN2Q3MjU1MDhlMTNkNTkzYWVmYzZlNWI5MTc4ZGQ4NWMwYzVjZTQwOCJ9", "expire_date": "2018-02-04T14:40:03.833Z"}}, {"model": "sessions.session", "pk": "y5m6d9wm8vb0z04sc8y59icw8kdbos06", "fields": {"session_data": "ZTAxMmY3YjFiYjNlMTgzNzhjNjY2NjhjNDc4NDdmNDk2YTY0NzI5MDp7Il9hdXRoX3VzZXJfaWQiOiI4IiwiX2F1dGhfdXNlcl9iYWNrZW5kIjoiZGphbmdvLmNvbnRyaWIuYXV0aC5iYWNrZW5kcy5Nb2RlbEJhY2tlbmQiLCJfYXV0aF91c2VyX2hhc2giOiI1Y2QxY2Y4OGRkZWMyZWZhZGEyZmQ1NWM0Yzc3ZTZlMzNmZjg0NWU5In0=", "expire_date": "2018-02-04T14:56:54.501Z"}}, {"model": "home.settings", "pk": 1, "fields": {"current_week": 3}}, {"model": "teams.team", "pk": 1, "fields": {"name": "NFC"}}, {"model": "teams.team", "pk": 2, "fields": {"name": "AFC"}}, {"model": "teams.team", "pk": 3, "fields": {"name": "New England Patriots"}}, {"model": "teams.team", "pk": 4, "fields": {"name": "Jacksonville Jaguars"}}, {"model": "teams.team", "pk": 5, "fields": {"name": "Minnesota Vikings"}}, {"model": "teams.team", "pk": 6, "fields": {"name": "Philadelphia Eagles"}}, {"model": "weeks.week", "pk": 1, "fields": {"description": "Conference"}}, {"model": "weeks.week", "pk": 2, "fields": {"description": "Pro Bowl"}}, {"model": "weeks.week", "pk": 3, "fields": {"description": "Superbowl"}}, {"model": "games.game", "pk": 1, "fields": {"week": 1, "home_team": 3, "away_team": 4, "home_team_score": 24, "away_team_score": 20, "game_day": "2018-01-21T20:05:00Z", "finished": true}}, {"model": "games.game", "pk": 2, "fields": {"week": 1, "home_team": 6, "away_team": 5, "home_team_score": 38, "away_team_score": 7, "game_day": "2018-01-21T23:40:00Z", "finished": true}}, {"model": "games.game", "pk": 3, "fields": {"week": 2, "home_team": 1, "away_team": 2, "home_team_score": 23, "away_team_score": 24, "game_day": "2018-01-28T20:00:00Z", "finished": true}}, {"model": "games.game", "pk": 4, "fields": {"week": 3, "home_team": 3, "away_team": 6, "home_team_score": 0, "away_team_score": 0, "game_day": "2018-02-04T23:30:00Z", "finished": false}}, {"model": "results.result", "pk": 1, "fields": {"user": 2, "week": 1, "game": 1, "away_score": 29, "home_score": 25, "processed": true}}, {"model": "results.result", "pk": 2, "fields": {"user": 2, "week": 1, "game": 2, "away_score": 20, "home_score": 32, "processed": true}}, {"model": "results.result", "pk": 3, "fields": {"user": 4, "week": 1, "game": 1, "away_score": 35, "home_score": 28, "processed": true}}, {"model": "results.result", "pk": 4, "fields": {"user": 4, "week": 1, "game": 2, "away_score": 10, "home_score": 17, "processed": true}}, {"model": "results.result", "pk": 5, "fields": {"user": 3, "week": 1, "game": 1, "away_score": 14, "home_score": 28, "processed": true}}, {"model": "results.result", "pk": 6, "fields": {"user": 3, "week": 1, "game": 2, "away_score": 21, "home_score": 28, "processed": true}}, {"model": "results.result", "pk": 7, "fields": {"user": 6, "week": 1, "game": 1, "away_score": 21, "home_score": 31, "processed": true}}, {"model": "results.result", "pk": 8, "fields": {"user": 6, "week": 1, "game": 2, "away_score": 20, "home_score": 24, "processed": true}}, {"model": "results.result", "pk": 9, "fields": {"user": 6, "week": 2, "game": 3, "away_score": 38, "home_score": 31, "processed": true}}, {"model": "results.result", "pk": 10, "fields": {"user": 5, "week": 1, "game": 1, "away_score": 20, "home_score": 22, "processed": true}}, {"model": "results.result", "pk": 11, "fields": {"user": 5, "week": 1, "game": 2, "away_score": 23, "home_score": 30, "processed": true}}, {"model": "results.result", "pk": 12, "fields": {"user": 7, "week": 1, "game": 1, "away_score": 17, "home_score": 28, "processed": true}}, {"model": "results.result", "pk": 13, "fields": {"user": 7, "week": 1, "game": 2, "away_score": 24, "home_score": 16, "processed": true}}, {"model": "results.result", "pk": 14, "fields": {"user": 8, "week": 1, "game": 1, "away_score": 7, "home_score": 27, "processed": true}}, {"model": "results.result", "pk": 15, "fields": {"user": 8, "week": 1, "game": 2, "away_score": 20, "home_score": 17, "processed": true}}, {"model": "results.result", "pk": 16, "fields": {"user": 9, "week": 1, "game": 1, "away_score": 21, "home_score": 35, "processed": true}}, {"model": "results.result", "pk": 17, "fields": {"user": 9, "week": 1, "game": 2, "away_score": 24, "home_score": 29, "processed": true}}, {"model": "results.result", "pk": 18, "fields": {"user": 11, "week": 1, "game": 1, "away_score": 13, "home_score": 27, "processed": true}}, {"model": "results.result", "pk": 19, "fields": {"user": 11, "week": 1, "game": 2, "away_score": 17, "home_score": 24, "processed": true}}, {"model": "results.result", "pk": 20, "fields": {"user": 10, "week": 1, "game": 1, "away_score": 24, "home_score": 35, "processed": true}}, {"model": "results.result", "pk": 21, "fields": {"user": 10, "week": 1, "game": 2, "away_score": 20, "home_score": 24, "processed": true}}, {"model": "results.result", "pk": 22, "fields": {"user": 12, "week": 1, "game": 1, "away_score": 14, "home_score": 24, "processed": true}}, {"model": "results.result", "pk": 23, "fields": {"user": 12, "week": 1, "game": 2, "away_score": 27, "home_score": 20, "processed": true}}, {"model": "results.result", "pk": 24, "fields": {"user": 13, "week": 1, "game": 1, "away_score": 10, "home_score": 31, "processed": true}}, {"model": "results.result", "pk": 25, "fields": {"user": 13, "week": 1, "game": 2, "away_score": 17, "home_score": 20, "processed": true}}, {"model": "results.result", "pk": 26, "fields": {"user": 13, "week": 2, "game": 3, "away_score": 34, "home_score": 41, "processed": true}}, {"model": "results.result", "pk": 27, "fields": {"user": 14, "week": 1, "game": 1, "away_score": 27, "home_score": 25, "processed": true}}, {"model": "results.result", "pk": 28, "fields": {"user": 14, "week": 1, "game": 2, "away_score": 20, "home_score": 18, "processed": true}}, {"model": "results.result", "pk": 29, "fields": {"user": 3, "week": 2, "game": 3, "away_score": 35, "home_score": 28, "processed": true}}, {"model": "results.result", "pk": 30, "fields": {"user": 2, "week": 2, "game": 3, "away_score": 21, "home_score": 31, "processed": true}}, {"model": "results.result", "pk": 31, "fields": {"user": 17, "week": 1, "game": 1, "away_score": 35, "home_score": 34, "processed": true}}, {"model": "results.result", "pk": 32, "fields": {"user": 17, "week": 1, "game": 2, "away_score": 21, "home_score": 27, "processed": true}}, {"model": "results.result", "pk": 33, "fields": {"user": 18, "week": 1, "game": 1, "away_score": 10, "home_score": 24, "processed": true}}, {"model": "results.result", "pk": 34, "fields": {"user": 18, "week": 1, "game": 2, "away_score": 14, "home_score": 21, "processed": true}}, {"model": "results.result", "pk": 35, "fields": {"user": 21, "week": 1, "game": 1, "away_score": 27, "home_score": 24, "processed": true}}, {"model": "results.result", "pk": 36, "fields": {"user": 21, "week": 1, "game": 2, "away_score": 20, "home_score": 17, "processed": true}}, {"model": "results.result", "pk": 37, "fields": {"user": 15, "week": 1, "game": 1, "away_score": 18, "home_score": 31, "processed": true}}, {"model": "results.result", "pk": 38, "fields": {"user": 15, "week": 1, "game": 2, "away_score": 27, "home_score": 30, "processed": true}}, {"model": "results.result", "pk": 39, "fields": {"user": 22, "week": 1, "game": 1, "away_score": 35, "home_score": 29, "processed": true}}, {"model": "results.result", "pk": 40, "fields": {"user": 22, "week": 1, "game": 2, "away_score": 16, "home_score": 26, "processed": true}}, {"model": "results.result", "pk": 41, "fields": {"user": 20, "week": 1, "game": 1, "away_score": 20, "home_score": 37, "processed": true}}, {"model": "results.result", "pk": 42, "fields": {"user": 20, "week": 1, "game": 2, "away_score": 30, "home_score": 26, "processed": true}}, {"model": "results.result", "pk": 43, "fields": {"user": 22, "week": 2, "game": 3, "away_score": 36, "home_score": 45, "processed": true}}, {"model": "results.result", "pk": 44, "fields": {"user": 16, "week": 1, "game": 1, "away_score": 17, "home_score": 28, "processed": true}}, {"model": "results.result", "pk": 45, "fields": {"user": 16, "week": 1, "game": 2, "away_score": 10, "home_score": 20, "processed": true}}, {"model": "results.result", "pk": 46, "fields": {"user": 23, "week": 1, "game": 1, "away_score": 24, "home_score": 20, "processed": true}}, {"model": "results.result", "pk": 47, "fields": {"user": 23, "week": 1, "game": 2, "away_score": 13, "home_score": 17, "processed": true}}, {"model": "results.result", "pk": 48, "fields": {"user": 3, "week": 3, "game": 4, "away_score": 28, "home_score": 24, "processed": false}}, {"model": "results.result", "pk": 49, "fields": {"user": 2, "week": 3, "game": 4, "away_score": 31, "home_score": 28, "processed": false}}, {"model": "results.result", "pk": 50, "fields": {"user": 10, "week": 2, "game": 3, "away_score": 30, "home_score": 34, "processed": true}}, {"model": "results.result", "pk": 51, "fields": {"user": 22, "week": 3, "game": 4, "away_score": 28, "home_score": 24, "processed": false}}, {"model": "results.result", "pk": 52, "fields": {"user": 7, "week": 2, "game": 3, "away_score": 35, "home_score": 49, "processed": true}}, {"model": "results.result", "pk": 53, "fields": {"user": 4, "week": 2, "game": 3, "away_score": 20, "home_score": 35, "processed": true}}, {"model": "results.result", "pk": 54, "fields": {"user": 4, "week": 3, "game": 4, "away_score": 27, "home_score": 22, "processed": false}}, {"model": "results.result", "pk": 55, "fields": {"user": 11, "week": 2, "game": 3, "away_score": 31, "home_score": 41, "processed": true}}, {"model": "results.result", "pk": 56, "fields": {"user": 15, "week": 2, "game": 3, "away_score": 37, "home_score": 43, "processed": true}}, {"model": "results.result", "pk": 57, "fields": {"user": 20, "week": 2, "game": 3, "away_score": 45, "home_score": 54, "processed": true}}, {"model": "results.result", "pk": 58, "fields": {"user": 23, "week": 2, "game": 3, "away_score": 45, "home_score": 51, "processed": true}}, {"model": "results.result", "pk": 59, "fields": {"user": 5, "week": 2, "game": 3, "away_score": 30, "home_score": 35, "processed": true}}, {"model": "results.result", "pk": 60, "fields": {"user": 5, "week": 3, "game": 4, "away_score": 24, "home_score": 16, "processed": false}}, {"model": "results.result", "pk": 61, "fields": {"user": 17, "week": 2, "game": 3, "away_score": 45, "home_score": 48, "processed": true}}, {"model": "results.result", "pk": 62, "fields": {"user": 8, "week": 2, "game": 3, "away_score": 23, "home_score": 26, "processed": true}}, {"model": "results.result", "pk": 63, "fields": {"user": 14, "week": 2, "game": 3, "away_score": 23, "home_score": 26, "processed": true}}, {"model": "results.result", "pk": 64, "fields": {"user": 16, "week": 2, "game": 3, "away_score": 14, "home_score": 27, "processed": true}}, {"model": "results.result", "pk": 65, "fields": {"user": 12, "week": 2, "game": 3, "away_score": 35, "home_score": 45, "processed": true}}, {"model": "results.result", "pk": 66, "fields": {"user": 18, "week": 2, "game": 3, "away_score": 26, "home_score": 23, "processed": true}}, {"model": "results.result", "pk": 67, "fields": {"user": 24, "week": 2, "game": 3, "away_score": 21, "home_score": 28, "processed": true}}, {"model": "results.result", "pk": 68, "fields": {"user": 21, "week": 2, "game": 3, "away_score": 28, "home_score": 42, "processed": true}}, {"model": "account.profile", "pk": 1, "fields": {"user": 1, "email_confirmed": false}}, {"model": "account.profile", "pk": 2, "fields": {"user": 2, "email_confirmed": true}}, {"model": "account.profile", "pk": 3, "fields": {"user": 3, "email_confirmed": true}}, {"model": "account.profile", "pk": 4, "fields": {"user": 4, "email_confirmed": true}}, {"model": "account.profile", "pk": 5, "fields": {"user": 5, "email_confirmed": true}}, {"model": "account.profile", "pk": 6, "fields": {"user": 6, "email_confirmed": true}}, {"model": "account.profile", "pk": 7, "fields": {"user": 7, "email_confirmed": true}}, {"model": "account.profile", "pk": 8, "fields": {"user": 8, "email_confirmed": true}}, {"model": "account.profile", "pk": 9, "fields": {"user": 9, "email_confirmed": true}}, {"model": "account.profile", "pk": 10, "fields": {"user": 10, "email_confirmed": true}}, {"model": "account.profile", "pk": 11, "fields": {"user": 11, "email_confirmed": true}}, {"model": "account.profile", "pk": 12, "fields": {"user": 12, "email_confirmed": true}}, {"model": "account.profile", "pk": 13, "fields": {"user": 13, "email_confirmed": true}}, {"model": "account.profile", "pk": 14, "fields": {"user": 14, "email_confirmed": true}}, {"model": "account.profile", "pk": 15, "fields": {"user": 15, "email_confirmed": true}}, {"model": "account.profile", "pk": 16, "fields": {"user": 16, "email_confirmed": true}}, {"model": "account.profile", "pk": 17, "fields": {"user": 17, "email_confirmed": true}}, {"model": "account.profile", "pk": 18, "fields": {"user": 18, "email_confirmed": true}}, {"model": "account.profile", "pk": 20, "fields": {"user": 20, "email_confirmed": true}}, {"model": "account.profile", "pk": 21, "fields": {"user": 21, "email_confirmed": true}}, {"model": "account.profile", "pk": 22, "fields": {"user": 22, "email_confirmed": true}}, {"model": "account.profile", "pk": 23, "fields": {"user": 23, "email_confirmed": true}}, {"model": "account.profile", "pk": 24, "fields": {"user": 24, "email_confirmed": true}}, {"model": "account.profile", "pk": 25, "fields": {"user": 25, "email_confirmed": true}}, {"model": "standings.general", "pk": 1, "fields": {"user": 2, "winner_hits": 1, "exact_hits": 0, "difference_hits": 0, "points": 1}}, {"model": "standings.general", "pk": 2, "fields": {"user": 3, "winner_hits": 2, "exact_hits": 0, "difference_hits": 0, "points": 2}}, {"model": "standings.general", "pk": 3, "fields": {"user": 4, "winner_hits": 1, "exact_hits": 0, "difference_hits": 0, "points": 1}}, {"model": "standings.general", "pk": 4, "fields": {"user": 6, "winner_hits": 2, "exact_hits": 0, "difference_hits": 0, "points": 2}}, {"model": "standings.general", "pk": 5, "fields": {"user": 5, "winner_hits": 2, "exact_hits": 0, "difference_hits": 0, "points": 2}}, {"model": "standings.general", "pk": 6, "fields": {"user": 7, "winner_hits": 1, "exact_hits": 0, "difference_hits": 0, "points": 1}}, {"model": "standings.general", "pk": 7, "fields": {"user": 8, "winner_hits": 1, "exact_hits": 0, "difference_hits": 0, "points": 1}}, {"model": "standings.general", "pk": 9, "fields": {"user": 9, "winner_hits": 2, "exact_hits": 0, "difference_hits": 0, "points": 2}}, {"model": "standings.general", "pk": 10, "fields": {"user": 10, "winner_hits": 2, "exact_hits": 0, "difference_hits": 0, "points": 2}}, {"model": "standings.general", "pk": 11, "fields": {"user": 11, "winner_hits": 2, "exact_hits": 0, "difference_hits": 0, "points": 2}}, {"model": "standings.general", "pk": 12, "fields": {"user": 12, "winner_hits": 1, "exact_hits": 0, "difference_hits": 0, "points": 1}}, {"model": "standings.general", "pk": 13, "fields": {"user": 13, "winner_hits": 2, "exact_hits": 0, "difference_hits": 0, "points": 2}}, {"model": "standings.general", "pk": 14, "fields": {"user": 14, "winner_hits": 0, "exact_hits": 0, "difference_hits": 0, "points": 0}}, {"model": "standings.general", "pk": 15, "fields": {"user": 15, "winner_hits": 2, "exact_hits": 0, "difference_hits": 0, "points": 2}}, {"model": "standings.general", "pk": 16, "fields": {"user": 16, "winner_hits": 2, "exact_hits": 0, "difference_hits": 0, "points": 2}}, {"model": "standings.general", "pk": 17, "fields": {"user": 17, "winner_hits": 1, "exact_hits": 0, "difference_hits": 0, "points": 1}}, {"model": "standings.general", "pk": 18, "fields": {"user": 18, "winner_hits": 2, "exact_hits": 0, "difference_hits": 0, "points": 2}}, {"model": "standings.general", "pk": 19, "fields": {"user": 20, "winner_hits": 1, "exact_hits": 0, "difference_hits": 0, "points": 1}}, {"model": "standings.general", "pk": 20, "fields": {"user": 21, "winner_hits": 0, "exact_hits": 0, "difference_hits": 0, "points": 0}}, {"model": "standings.general", "pk": 21, "fields": {"user": 22, "winner_hits": 1, "exact_hits": 0, "difference_hits": 0, "points": 1}}, {"model": "standings.general", "pk": 22, "fields": {"user": 23, "winner_hits": 1, "exact_hits": 0, "difference_hits": 0, "points": 1}}, {"model": "standings.general", "pk": 23, "fields": {"user": 24, "winner_hits": 0, "exact_hits": 0, "difference_hits": 0, "points": 0}}, {"model": "standings.general", "pk": 24, "fields": {"user": 25, "winner_hits": 0, "exact_hits": 0, "difference_hits": 0, "points": 0}}, {"model": "standings.weekly", "pk": 1, "fields": {"user": 2, "week": 1, "winner_hits": 1, "exact_hits": 0, "difference_hits": 0, "points": 1, "processed": true}}, {"model": "standings.weekly", "pk": 2, "fields": {"user": 3, "week": 1, "winner_hits": 2, "exact_hits": 0, "difference_hits": 0, "points": 2, "processed": true}}, {"model": "standings.weekly", "pk": 3, "fields": {"user": 4, "week": 1, "winner_hits": 1, "exact_hits": 0, "difference_hits": 0, "points": 1, "processed": true}}, {"model": "standings.weekly", "pk": 4, "fields": {"user": 6, "week": 1, "winner_hits": 2, "exact_hits": 0, "difference_hits": 0, "points": 2, "processed": true}}, {"model": "standings.weekly", "pk": 5, "fields": {"user": 5, "week": 1, "winner_hits": 2, "exact_hits": 0, "difference_hits": 0, "points": 2, "processed": true}}, {"model": "standings.weekly", "pk": 6, "fields": {"user": 7, "week": 1, "winner_hits": 1, "exact_hits": 0, "difference_hits": 0, "points": 1, "processed": true}}, {"model": "standings.weekly", "pk": 7, "fields": {"user": 8, "week": 1, "winner_hits": 1, "exact_hits": 0, "difference_hits": 0, "points": 1, "processed": true}}, {"model": "standings.weekly", "pk": 9, "fields": {"user": 9, "week": 1, "winner_hits": 2, "exact_hits": 0, "difference_hits": 0, "points": 2, "processed": true}}, {"model": "standings.weekly", "pk": 10, "fields": {"user": 10, "week": 1, "winner_hits": 2, "exact_hits": 0, "difference_hits": 0, "points": 2, "processed": true}}, {"model": "standings.weekly", "pk": 11, "fields": {"user": 11, "week": 1, "winner_hits": 2, "exact_hits": 0, "difference_hits": 0, "points": 2, "processed": true}}, {"model": "standings.weekly", "pk": 12, "fields": {"user": 12, "week": 1, "winner_hits": 1, "exact_hits": 0, "difference_hits": 0, "points": 1, "processed": true}}, {"model": "standings.weekly", "pk": 13, "fields": {"user": 13, "week": 1, "winner_hits": 2, "exact_hits": 0, "difference_hits": 0, "points": 2, "processed": true}}, {"model": "standings.weekly", "pk": 14, "fields": {"user": 14, "week": 1, "winner_hits": 0, "exact_hits": 0, "difference_hits": 0, "points": 0, "processed": true}}, {"model": "standings.weekly", "pk": 15, "fields": {"user": 15, "week": 1, "winner_hits": 2, "exact_hits": 0, "difference_hits": 0, "points": 2, "processed": true}}, {"model": "standings.weekly", "pk": 16, "fields": {"user": 16, "week": 1, "winner_hits": 2, "exact_hits": 0, "difference_hits": 0, "points": 2, "processed": true}}, {"model": "standings.weekly", "pk": 17, "fields": {"user": 17, "week": 1, "winner_hits": 1, "exact_hits": 0, "difference_hits": 0, "points": 1, "processed": true}}, {"model": "standings.weekly", "pk": 18, "fields": {"user": 18, "week": 1, "winner_hits": 2, "exact_hits": 0, "difference_hits": 0, "points": 2, "processed": true}}, {"model": "standings.weekly", "pk": 19, "fields": {"user": 20, "week": 1, "winner_hits": 1, "exact_hits": 0, "difference_hits": 0, "points": 1, "processed": true}}, {"model": "standings.weekly", "pk": 20, "fields": {"user": 21, "week": 1, "winner_hits": 0, "exact_hits": 0, "difference_hits": 0, "points": 0, "processed": true}}, {"model": "standings.weekly", "pk": 21, "fields": {"user": 22, "week": 1, "winner_hits": 1, "exact_hits": 0, "difference_hits": 0, "points": 1, "processed": true}}, {"model": "standings.weekly", "pk": 22, "fields": {"user": 23, "week": 1, "winner_hits": 1, "exact_hits": 0, "difference_hits": 0, "points": 1, "processed": true}}, {"model": "standings.weekly", "pk": 23, "fields": {"user": 12, "week": 2, "winner_hits": 0, "exact_hits": 0, "difference_hits": 0, "points": 0, "processed": true}}, {"model": "standings.weekly", "pk": 24, "fields": {"user": 3, "week": 2, "winner_hits": 1, "exact_hits": 0, "difference_hits": 0, "points": 1, "processed": true}}, {"model": "standings.weekly", "pk": 25, "fields": {"user": 13, "week": 2, "winner_hits": 0, "exact_hits": 0, "difference_hits": 0, "points": 0, "processed": true}}, {"model": "standings.weekly", "pk": 26, "fields": {"user": 18, "week": 2, "winner_hits": 1, "exact_hits": 0, "difference_hits": 0, "points": 1, "processed": true}}, {"model": "standings.weekly", "pk": 27, "fields": {"user": 14, "week": 2, "winner_hits": 0, "exact_hits": 0, "difference_hits": 0, "points": 0, "processed": true}}, {"model": "standings.weekly", "pk": 28, "fields": {"user": 6, "week": 2, "winner_hits": 1, "exact_hits": 0, "difference_hits": 0, "points": 1, "processed": true}}, {"model": "standings.weekly", "pk": 29, "fields": {"user": 5, "week": 2, "winner_hits": 0, "exact_hits": 0, "difference_hits": 0, "points": 0, "processed": true}}, {"model": "standings.weekly", "pk": 30, "fields": {"user": 7, "week": 2, "winner_hits": 0, "exact_hits": 0, "difference_hits": 0, "points": 0, "processed": true}}, {"model": "standings.weekly", "pk": 31, "fields": {"user": 21, "week": 2, "winner_hits": 0, "exact_hits": 0, "difference_hits": 0, "points": 0, "processed": true}}, {"model": "standings.weekly", "pk": 32, "fields": {"user": 15, "week": 2, "winner_hits": 0, "exact_hits": 0, "difference_hits": 0, "points": 0, "processed": true}}, {"model": "standings.weekly", "pk": 33, "fields": {"user": 9, "week": 2, "winner_hits": 0, "exact_hits": 0, "difference_hits": 0, "points": 0, "processed": true}}, {"model": "standings.weekly", "pk": 34, "fields": {"user": 4, "week": 2, "winner_hits": 0, "exact_hits": 0, "difference_hits": 0, "points": 0, "processed": true}}, {"model": "standings.weekly", "pk": 35, "fields": {"user": 16, "week": 2, "winner_hits": 0, "exact_hits": 0, "difference_hits": 0, "points": 0, "processed": true}}, {"model": "standings.weekly", "pk": 36, "fields": {"user": 10, "week": 2, "winner_hits": 0, "exact_hits": 0, "difference_hits": 0, "points": 0, "processed": true}}, {"model": "standings.weekly", "pk": 37, "fields": {"user": 22, "week": 2, "winner_hits": 0, "exact_hits": 0, "difference_hits": 0, "points": 0, "processed": true}}, {"model": "standings.weekly", "pk": 38, "fields": {"user": 20, "week": 2, "winner_hits": 0, "exact_hits": 0, "difference_hits": 0, "points": 0, "processed": true}}, {"model": "standings.weekly", "pk": 39, "fields": {"user": 8, "week": 2, "winner_hits": 0, "exact_hits": 0, "difference_hits": 0, "points": 0, "processed": true}}, {"model": "standings.weekly", "pk": 40, "fields": {"user": 17, "week": 2, "winner_hits": 0, "exact_hits": 0, "difference_hits": 0, "points": 0, "processed": true}}, {"model": "standings.weekly", "pk": 41, "fields": {"user": 23, "week": 2, "winner_hits": 0, "exact_hits": 0, "difference_hits": 0, "points": 0, "processed": true}}, {"model": "standings.weekly", "pk": 42, "fields": {"user": 2, "week": 2, "winner_hits": 0, "exact_hits": 0, "difference_hits": 0, "points": 0, "processed": true}}, {"model": "standings.weekly", "pk": 43, "fields": {"user": 11, "week": 2, "winner_hits": 0, "exact_hits": 0, "difference_hits": 0, "points": 0, "processed": true}}, {"model": "standings.weekly", "pk": 44, "fields": {"user": 24, "week": 2, "winner_hits": 0, "exact_hits": 0, "difference_hits": 0, "points": 0, "processed": true}}, {"model": "standings.weekly", "pk": 45, "fields": {"user": 25, "week": 2, "winner_hits": 0, "exact_hits": 0, "difference_hits": 0, "points": 0, "processed": true}}, {"model": "standings.weekly", "pk": 46, "fields": {"user": 12, "week": 3, "winner_hits": 0, "exact_hits": 0, "difference_hits": 0, "points": 0, "processed": true}}, {"model": "standings.weekly", "pk": 47, "fields": {"user": 3, "week": 3, "winner_hits": 0, "exact_hits": 0, "difference_hits": 0, "points": 0, "processed": true}}, {"model": "standings.weekly", "pk": 48, "fields": {"user": 13, "week": 3, "winner_hits": 0, "exact_hits": 0, "difference_hits": 0, "points": 0, "processed": true}}, {"model": "standings.weekly", "pk": 49, "fields": {"user": 18, "week": 3, "winner_hits": 0, "exact_hits": 0, "difference_hits": 0, "points": 0, "processed": true}}, {"model": "standings.weekly", "pk": 50, "fields": {"user": 14, "week": 3, "winner_hits": 0, "exact_hits": 0, "difference_hits": 0, "points": 0, "processed": true}}, {"model": "standings.weekly", "pk": 51, "fields": {"user": 5, "week": 3, "winner_hits": 0, "exact_hits": 0, "difference_hits": 0, "points": 0, "processed": true}}, {"model": "standings.weekly", "pk": 52, "fields": {"user": 7, "week": 3, "winner_hits": 0, "exact_hits": 0, "difference_hits": 0, "points": 0, "processed": true}}, {"model": "standings.weekly", "pk": 53, "fields": {"user": 11, "week": 3, "winner_hits": 0, "exact_hits": 0, "difference_hits": 0, "points": 0, "processed": true}}, {"model": "standings.weekly", "pk": 54, "fields": {"user": 21, "week": 3, "winner_hits": 0, "exact_hits": 0, "difference_hits": 0, "points": 0, "processed": true}}, {"model": "standings.weekly", "pk": 55, "fields": {"user": 15, "week": 3, "winner_hits": 0, "exact_hits": 0, "difference_hits": 0, "points": 0, "processed": true}}, {"model": "standings.weekly", "pk": 56, "fields": {"user": 2, "week": 3, "winner_hits": 0, "exact_hits": 0, "difference_hits": 0, "points": 0, "processed": true}}, {"model": "standings.weekly", "pk": 57, "fields": {"user": 9, "week": 3, "winner_hits": 0, "exact_hits": 0, "difference_hits": 0, "points": 0, "processed": true}}, {"model": "standings.weekly", "pk": 58, "fields": {"user": 4, "week": 3, "winner_hits": 0, "exact_hits": 0, "difference_hits": 0, "points": 0, "processed": true}}, {"model": "standings.weekly", "pk": 59, "fields": {"user": 10, "week": 3, "winner_hits": 0, "exact_hits": 0, "difference_hits": 0, "points": 0, "processed": true}}, {"model": "standings.weekly", "pk": 60, "fields": {"user": 22, "week": 3, "winner_hits": 0, "exact_hits": 0, "difference_hits": 0, "points": 0, "processed": true}}, {"model": "standings.weekly", "pk": 61, "fields": {"user": 20, "week": 3, "winner_hits": 0, "exact_hits": 0, "difference_hits": 0, "points": 0, "processed": true}}, {"model": "standings.weekly", "pk": 62, "fields": {"user": 23, "week": 3, "winner_hits": 0, "exact_hits": 0, "difference_hits": 0, "points": 0, "processed": true}}, {"model": "standings.weekly", "pk": 63, "fields": {"user": 8, "week": 3, "winner_hits": 0, "exact_hits": 0, "difference_hits": 0, "points": 0, "processed": true}}, {"model": "standings.weekly", "pk": 64, "fields": {"user": 17, "week": 3, "winner_hits": 0, "exact_hits": 0, "difference_hits": 0, "points": 0, "processed": true}}, {"model": "standings.weekly", "pk": 65, "fields": {"user": 16, "week": 3, "winner_hits": 0, "exact_hits": 0, "difference_hits": 0, "points": 0, "processed": true}}, {"model": "standings.weekly", "pk": 66, "fields": {"user": 24, "week": 3, "winner_hits": 0, "exact_hits": 0, "difference_hits": 0, "points": 0, "processed": true}}, {"model": "standings.weekly", "pk": 67, "fields": {"user": 25, "week": 3, "winner_hits": 0, "exact_hits": 0, "difference_hits": 0, "points": 0, "processed": true}}, {"model": "standings.weekly", "pk": 68, "fields": {"user": 6, "week": 3, "winner_hits": 0, "exact_hits": 0, "difference_hits": 0, "points": 0, "processed": true}}, {"model": "admin.logentry", "pk": 1, "fields": {"action_time": "2018-01-19T00:15:42.309Z", "user": 1, "content_type": 10, "object_id": "1", "object_repr": "Conference", "action_flag": 1, "change_message": "[{\"added\": {}}]"}}, {"model": "admin.logentry", "pk": 2, "fields": {"action_time": "2018-01-19T00:15:48.307Z", "user": 1, "content_type": 10, "object_id": "2", "object_repr": "Pro Bowl", "action_flag": 1, "change_message": "[{\"added\": {}}]"}}, {"model": "admin.logentry", "pk": 3, "fields": {"action_time": "2018-01-19T00:15:57.815Z", "user": 1, "content_type": 10, "object_id": "3", "object_repr": "Superbowl", "action_flag": 1, "change_message": "[{\"added\": {}}]"}}, {"model": "admin.logentry", "pk": 4, "fields": {"action_time": "2018-01-19T00:16:15.335Z", "user": 1, "content_type": 8, "object_id": "1", "object_repr": "Settings object (1)", "action_flag": 1, "change_message": "[{\"added\": {}}]"}}, {"model": "admin.logentry", "pk": 5, "fields": {"action_time": "2018-01-19T00:16:59.967Z", "user": 1, "content_type": 9, "object_id": "1", "object_repr": "NFC", "action_flag": 1, "change_message": "[{\"added\": {}}]"}}, {"model": "admin.logentry", "pk": 6, "fields": {"action_time": "2018-01-19T00:17:03.861Z", "user": 1, "content_type": 9, "object_id": "2", "object_repr": "AFC", "action_flag": 1, "change_message": "[{\"added\": {}}]"}}, {"model": "admin.logentry", "pk": 7, "fields": {"action_time": "2018-01-19T00:17:07.056Z", "user": 1, "content_type": 9, "object_id": "3", "object_repr": "New England Patriots", "action_flag": 1, "change_message": "[{\"added\": {}}]"}}, {"model": "admin.logentry", "pk": 8, "fields": {"action_time": "2018-01-19T00:17:10.426Z", "user": 1, "content_type": 9, "object_id": "4", "object_repr": "Jacksonville Jaguars", "action_flag": 1, "change_message": "[{\"added\": {}}]"}}, {"model": "admin.logentry", "pk": 9, "fields": {"action_time": "2018-01-19T00:17:13.361Z", "user": 1, "content_type": 9, "object_id": "5", "object_repr": "Minnesota Vikings", "action_flag": 1, "change_message": "[{\"added\": {}}]"}}, {"model": "admin.logentry", "pk": 10, "fields": {"action_time": "2018-01-19T00:17:17.118Z", "user": 1, "content_type": 9, "object_id": "6", "object_repr": "Philadelphia Eagles", "action_flag": 1, "change_message": "[{\"added\": {}}]"}}, {"model": "admin.logentry", "pk": 11, "fields": {"action_time": "2018-01-19T00:17:40.614Z", "user": 1, "content_type": 11, "object_id": "1", "object_repr": "Conference: Jacksonville Jaguars - New England Patriots", "action_flag": 1, "change_message": "[{\"added\": {}}]"}}, {"model": "admin.logentry", "pk": 12, "fields": {"action_time": "2018-01-19T00:18:06.761Z", "user": 1, "content_type": 11, "object_id": "2", "object_repr": "Conference: Minnesota Vikings - Philadelphia Eagles", "action_flag": 1, "change_message": "[{\"added\": {}}]"}}, {"model": "admin.logentry", "pk": 13, "fields": {"action_time": "2018-01-19T00:28:16.265Z", "user": 1, "content_type": 11, "object_id": "3", "object_repr": "Pro Bowl: AFC - NFC", "action_flag": 1, "change_message": "[{\"added\": {}}]"}}, {"model": "admin.logentry", "pk": 14, "fields": {"action_time": "2018-01-19T12:19:00.319Z", "user": 1, "content_type": 14, "object_id": "8", "object_repr": "General object (8)", "action_flag": 3, "change_message": ""}}, {"model": "admin.logentry", "pk": 15, "fields": {"action_time": "2018-01-19T12:19:34.366Z", "user": 1, "content_type": 15, "object_id": "8", "object_repr": "Weekly object (8)", "action_flag": 3, "change_message": ""}}, {"model": "admin.logentry", "pk": 16, "fields": {"action_time": "2018-01-21T03:56:48.830Z", "user": 1, "content_type": 11, "object_id": "2", "object_repr": "Conference: Minnesota Vikings - Philadelphia Eagles", "action_flag": 2, "change_message": "[{\"changed\": {\"fields\": [\"home_team_score\", \"away_team_score\"]}}]"}}, {"model": "admin.logentry", "pk": 17, "fields": {"action_time": "2018-01-21T03:57:05.226Z", "user": 1, "content_type": 11, "object_id": "2", "object_repr": "Conference: Minnesota Vikings - Philadelphia Eagles", "action_flag": 2, "change_message": "[{\"changed\": {\"fields\": [\"finished\"]}}]"}}, {"model": "admin.logentry", "pk": 18, "fields": {"action_time": "2018-01-21T03:57:46.357Z", "user": 1, "content_type": 11, "object_id": "2", "object_repr": "Conference: Minnesota Vikings - Philadelphia Eagles", "action_flag": 2, "change_message": "[{\"changed\": {\"fields\": [\"home_team_score\", \"away_team_score\", \"finished\"]}}]"}}, {"model": "admin.logentry", "pk": 19, "fields": {"action_time": "2018-01-21T13:21:50.713Z", "user": 1, "content_type": 12, "object_id": "15", "object_repr": "{\"id\": 15, \"week\": \"Conference\", \"game_id\": 2, \"home_team\": {\"name\": \"Philadelphia Eagles\", \"id\": 6, \"score\": 17}, \"away_team\": {\"name\": \"Minnesota Vikings\", \"id\": 5, \"score\": 20}}", "action_flag": 2, "change_message": "[{\"changed\": {\"fields\": [\"away_score\", \"home_score\"]}}]"}}, {"model": "admin.logentry", "pk": 20, "fields": {"action_time": "2018-01-21T14:13:49.491Z", "user": 1, "content_type": 4, "object_id": "19", "object_repr": "asdasd", "action_flag": 3, "change_message": ""}}, {"model": "admin.logentry", "pk": 21, "fields": {"action_time": "2018-01-21T14:20:24.544Z", "user": 1, "content_type": 4, "object_id": "20", "object_repr": "nachochans", "action_flag": 2, "change_message": "[{\"changed\": {\"fields\": [\"is_active\"]}}, {\"changed\": {\"name\": \"profile\", \"object\": \"nachochans\", \"fields\": [\"email_confirmed\"]}}]"}}, {"model": "admin.logentry", "pk": 22, "fields": {"action_time": "2018-01-21T23:09:11.437Z", "user": 1, "content_type": 11, "object_id": "1", "object_repr": "Conference: Jacksonville Jaguars - New England Patriots", "action_flag": 2, "change_message": "[{\"changed\": {\"fields\": [\"home_team_score\", \"away_team_score\", \"finished\"]}}]"}}, {"model": "admin.logentry", "pk": 23, "fields": {"action_time": "2018-01-21T23:17:32.622Z", "user": 1, "content_type": 11, "object_id": "1", "object_repr": "Conference: Jacksonville Jaguars - New England Patriots", "action_flag": 2, "change_message": "[]"}}, {"model": "admin.logentry", "pk": 24, "fields": {"action_time": "2018-01-22T02:40:19.076Z", "user": 1, "content_type": 11, "object_id": "2", "object_repr": "Conference: Minnesota Vikings - Philadelphia Eagles", "action_flag": 2, "change_message": "[{\"changed\": {\"fields\": [\"home_team_score\", \"away_team_score\", \"finished\"]}}]"}}, {"model": "admin.logentry", "pk": 25, "fields": {"action_time": "2018-01-22T02:42:26.263Z", "user": 1, "content_type": 11, "object_id": "4", "object_repr": "Superbowl: Philadelphia Eagles - New England Patriots", "action_flag": 1, "change_message": "[{\"added\": {}}]"}}, {"model": "admin.logentry", "pk": 26, "fields": {"action_time": "2018-01-22T03:02:49.915Z", "user": 1, "content_type": 8, "object_id": "1", "object_repr": "Settings object (1)", "action_flag": 2, "change_message": "[{\"changed\": {\"fields\": [\"current_week\"]}}]"}}, {"model": "admin.logentry", "pk": 27, "fields": {"action_time": "2018-01-28T22:34:30.306Z", "user": 1, "content_type": 11, "object_id": "3", "object_repr": "Pro Bowl: AFC - NFC", "action_flag": 2, "change_message": "[{\"changed\": {\"fields\": [\"home_team_score\", \"away_team_score\", \"finished\"]}}]"}}, {"model": "admin.logentry", "pk": 28, "fields": {"action_time": "2018-01-28T22:35:26.526Z", "user": 1, "content_type": 8, "object_id": "1", "object_repr": "Settings object (1)", "action_flag": 2, "change_message": "[{\"changed\": {\"fields\": [\"current_week\"]}}]"}}]