[{"model": "contenttypes.contenttype", "pk": 1, "fields": {"app_label": "admin", "model": "logentry"}}, {"model": "contenttypes.contenttype", "pk": 2, "fields": {"app_label": "auth", "model": "permission"}}, {"model": "contenttypes.contenttype", "pk": 3, "fields": {"app_label": "auth", "model": "group"}}, {"model": "contenttypes.contenttype", "pk": 4, "fields": {"app_label": "auth", "model": "user"}}, {"model": "contenttypes.contenttype", "pk": 5, "fields": {"app_label": "contenttypes", "model": "contenttype"}}, {"model": "contenttypes.contenttype", "pk": 6, "fields": {"app_label": "sessions", "model": "session"}}, {"model": "contenttypes.contenttype", "pk": 7, "fields": {"app_label": "registration", "model": "registrationprofile"}}, {"model": "contenttypes.contenttype", "pk": 8, "fields": {"app_label": "home", "model": "settings"}}, {"model": "contenttypes.contenttype", "pk": 9, "fields": {"app_label": "teams", "model": "team"}}, {"model": "contenttypes.contenttype", "pk": 10, "fields": {"app_label": "weeks", "model": "week"}}, {"model": "contenttypes.contenttype", "pk": 11, "fields": {"app_label": "games", "model": "game"}}, {"model": "contenttypes.contenttype", "pk": 12, "fields": {"app_label": "results", "model": "result"}}, {"model": "contenttypes.contenttype", "pk": 13, "fields": {"app_label": "account", "model": "profile"}}, {"model": "contenttypes.contenttype", "pk": 14, "fields": {"app_label": "standings", "model": "general"}}, {"model": "contenttypes.contenttype", "pk": 15, "fields": {"app_label": "standings", "model": "weekly"}}, {"model": "sessions.session", "pk": "0jpfwavpspxhkqj6d10elmn0fwe3qktb", "fields": {"session_data": "MTQxODBlNWUwZDdhODc0YTFjNDNiNmNlYmI4YTJkMGRjNWI0NDdkYTp7Il9hdXRoX3VzZXJfaWQiOiIxMiIsIl9hdXRoX3VzZXJfYmFja2VuZCI6ImRqYW5nby5jb250cmliLmF1dGguYmFja2VuZHMuTW9kZWxCYWNrZW5kIiwiX2F1dGhfdXNlcl9oYXNoIjoiMTY4NjkyOGMxOWE1Mjg1MzA0ODY2MGUwODZmN2M2MjVmOGQ2ZjZhMyJ9", "expire_date": "2018-02-02T23:25:56.687Z"}}, {"model": "sessions.session", "pk": "1bqbtf2u0dz575384nwzkts0umrixjef", "fields": {"session_data": "ZTAxMmY3YjFiYjNlMTgzNzhjNjY2NjhjNDc4NDdmNDk2YTY0NzI5MDp7Il9hdXRoX3VzZXJfaWQiOiI4IiwiX2F1dGhfdXNlcl9iYWNrZW5kIjoiZGphbmdvLmNvbnRyaWIuYXV0aC5iYWNrZW5kcy5Nb2RlbEJhY2tlbmQiLCJfYXV0aF91c2VyX2hhc2giOiI1Y2QxY2Y4OGRkZWMyZWZhZGEyZmQ1NWM0Yzc3ZTZlMzNmZjg0NWU5In0=", "expire_date": "2018-02-02T10:21:08.948Z"}}, {"model": "sessions.session", "pk": "5lar1js19z903nqofuae50z1fqltk4r2", "fields": {"session_data": "YjM2ZjE4N2ZhNTgwZDJiZjYyOWRjMDJlZDdjN2FlMWQ1ZDNhYWFjZTp7Il9hdXRoX3VzZXJfaWQiOiIxNSIsIl9hdXRoX3VzZXJfYmFja2VuZCI6ImRqYW5nby5jb250cmliLmF1dGguYmFja2VuZHMuTW9kZWxCYWNrZW5kIiwiX2F1dGhfdXNlcl9oYXNoIjoiMzQxMDczMjhiYjIxYjQ5OTY5Zjc2ZWFlNzUxZWI5ZmMwYjBjNTJkOSJ9", "expire_date": "2018-02-03T17:26:56.891Z"}}, {"model": "sessions.session", "pk": "a9d20c2h97gzhd2iqscumasrlhsmznqp", "fields": {"session_data": "YTAzMDVjZTFkOTIwNjE1ZjI0ZmE3OTdiNzU0ZGY5ZDc5ZWQ4ZWZhNjp7Il9hdXRoX3VzZXJfaWQiOiIxIiwiX2F1dGhfdXNlcl9iYWNrZW5kIjoiZGphbmdvLmNvbnRyaWIuYXV0aC5iYWNrZW5kcy5Nb2RlbEJhY2tlbmQiLCJfYXV0aF91c2VyX2hhc2giOiJjZTZhM2FmN2YyNjdiOWM5NzEzNDQ5Yzc0ZTk5OWI4YzQ5MWFmYzQ3In0=", "expire_date": "2018-02-02T12:18:10.340Z"}}, {"model": "sessions.session", "pk": "ad6i9db9bdc0131gfccv0t9eirygwi9e", "fields": {"session_data": "M2RlNzQzMjcyMmY0NTA5ZDA2YzBiNjllOWQ0NjVhYWI4MGY0OGMyYjp7Il9hdXRoX3VzZXJfaWQiOiI0IiwiX2F1dGhfdXNlcl9iYWNrZW5kIjoiZGphbmdvLmNvbnRyaWIuYXV0aC5iYWNrZW5kcy5Nb2RlbEJhY2tlbmQiLCJfYXV0aF91c2VyX2hhc2giOiJjMDUwODZmNDNiNmFjZTk2ZTJiMTAxM2NkZDEwYTc2NjYyMGQ4ZjljIn0=", "expire_date": "2018-02-02T00:29:45.153Z"}}, {"model": "sessions.session", "pk": "cvs7yy9dzlf5h2wtiahqeqbv0847xs9v", "fields": {"session_data": "M2RlNzQzMjcyMmY0NTA5ZDA2YzBiNjllOWQ0NjVhYWI4MGY0OGMyYjp7Il9hdXRoX3VzZXJfaWQiOiI0IiwiX2F1dGhfdXNlcl9iYWNrZW5kIjoiZGphbmdvLmNvbnRyaWIuYXV0aC5iYWNrZW5kcy5Nb2RlbEJhY2tlbmQiLCJfYXV0aF91c2VyX2hhc2giOiJjMDUwODZmNDNiNmFjZTk2ZTJiMTAxM2NkZDEwYTc2NjYyMGQ4ZjljIn0=", "expire_date": "2018-02-02T00:30:30.313Z"}}, {"model": "sessions.session", "pk": "dgy1j3ik8dd5orxskdl27x6n07c0a3iq", "fields": {"session_data": "NDU4ODIzNTkyYjMxZDlmY2Y1MjRkOTUwMjc5NjAwYzdkOTE5ZDA4ZTp7Il9hdXRoX3VzZXJfaWQiOiIxMCIsIl9hdXRoX3VzZXJfYmFja2VuZCI6ImRqYW5nby5jb250cmliLmF1dGguYmFja2VuZHMuTW9kZWxCYWNrZW5kIiwiX2F1dGhfdXNlcl9oYXNoIjoiZDM1MGYzMzJhYjM1NjkyYzZkYzc3OTcwZTc4MGMyMGQ0NjNiZTJhNSJ9", "expire_date": "2018-02-02T22:48:23.061Z"}}, {"model": "sessions.session", "pk": "e9oxihplyxhlxvtalt7kw0hhmj70eh4a", "fields": {"session_data": "ZjNlM2JmYzJkNjQ4MjdmYWJiNjliMGUwNDRhODM0YzRlM2RmZDYzYjp7Il9hdXRoX3VzZXJfaWQiOiI3IiwiX2F1dGhfdXNlcl9iYWNrZW5kIjoiZGphbmdvLmNvbnRyaWIuYXV0aC5iYWNrZW5kcy5Nb2RlbEJhY2tlbmQiLCJfYXV0aF91c2VyX2hhc2giOiIzODBmNzlmNmRlYzNkYzFjMjQzMDg1OWZkZTBiMTJiMDBmMzIyOGQ2In0=", "expire_date": "2018-02-02T02:23:22.985Z"}}, {"model": "sessions.session", "pk": "eaizdfo2i6x4lm6z1o6rmtlbqbc6pe2z", "fields": {"session_data": "NmE5YTAzNTIzZDJjZTM5ZjI5NWE0MmY1OTA3ZGE1MjMzMzllYWI1Nzp7Il9hdXRoX3VzZXJfaWQiOiI1IiwiX2F1dGhfdXNlcl9iYWNrZW5kIjoiZGphbmdvLmNvbnRyaWIuYXV0aC5iYWNrZW5kcy5Nb2RlbEJhY2tlbmQiLCJfYXV0aF91c2VyX2hhc2giOiIwNGY4ZmE2NGU4OWIzN2U2YWJiNDRjZDM2MmU1NDQ3N2IwYWY4Mzg2In0=", "expire_date": "2018-02-02T01:46:01.067Z"}}, {"model": "sessions.session", "pk": "eihp6ng4tva93cgpaa0mk2xfhooev7jg", "fields": {"session_data": "M2RlNzQzMjcyMmY0NTA5ZDA2YzBiNjllOWQ0NjVhYWI4MGY0OGMyYjp7Il9hdXRoX3VzZXJfaWQiOiI0IiwiX2F1dGhfdXNlcl9iYWNrZW5kIjoiZGphbmdvLmNvbnRyaWIuYXV0aC5iYWNrZW5kcy5Nb2RlbEJhY2tlbmQiLCJfYXV0aF91c2VyX2hhc2giOiJjMDUwODZmNDNiNmFjZTk2ZTJiMTAxM2NkZDEwYTc2NjYyMGQ4ZjljIn0=", "expire_date": "2018-02-02T19:57:03.389Z"}}, {"model": "sessions.session", "pk": "fzmpq9yakdfb5zrad8zhg09i7vgj2oq5", "fields": {"session_data": "NzM3NTliZjVkMzM4MGI5ZTdjNzljMjdlNDUwNmZiNWJhY2E1NzE4OTp7Il9hdXRoX3VzZXJfaWQiOiIxMyIsIl9hdXRoX3VzZXJfYmFja2VuZCI6ImRqYW5nby5jb250cmliLmF1dGguYmFja2VuZHMuTW9kZWxCYWNrZW5kIiwiX2F1dGhfdXNlcl9oYXNoIjoiNjc2MTAwNTZkNGQxZDVmNGIyMGU3NWUwYzA5MDI0NDUyMzM3YTc4NyJ9", "expire_date": "2018-02-03T02:45:54.830Z"}}, {"model": "sessions.session", "pk": "gm4pb9cqn30e3k5zl4tv6xh15kbkyba5", "fields": {"session_data": "NTA1N2RiYWVmYmFhMmNjMTg4N2E2M2ZmZDE3MGJiMDcxNzU1MWNiZDp7Il9hdXRoX3VzZXJfaWQiOiIyIiwiX2F1dGhfdXNlcl9iYWNrZW5kIjoiZGphbmdvLmNvbnRyaWIuYXV0aC5iYWNrZW5kcy5Nb2RlbEJhY2tlbmQiLCJfYXV0aF91c2VyX2hhc2giOiI4OGFmMjFkYzNmYjU3N2EzMDYyZjNhMDQxMzJjZTgyNTU5Njk3MmJiIn0=", "expire_date": "2018-02-02T00:35:10.102Z"}}, {"model": "sessions.session", "pk": "i0gic0hn0xcfhbmr4os48ek94n0g3iw2", "fields": {"session_data": "NzcwMTY0ODE2ZjMwNzIyNzJlMDZkOThjZjllMDMzNDNkM2ZhZmE1MDp7Il9hdXRoX3VzZXJfaWQiOiIxNCIsIl9hdXRoX3VzZXJfYmFja2VuZCI6ImRqYW5nby5jb250cmliLmF1dGguYmFja2VuZHMuTW9kZWxCYWNrZW5kIiwiX2F1dGhfdXNlcl9oYXNoIjoiNTk3NmI1ZmU0YmQ2Mjk2OGI5ZDdlNWQ5NmQ0ZTAwN2Q1ZDIyYmU2NSJ9", "expire_date": "2018-02-03T15:44:39.657Z"}}, {"model": "sessions.session", "pk": "k9u3pjyaeda4epe13e8123grun9sefu7", "fields": {"session_data": "YTAzMDVjZTFkOTIwNjE1ZjI0ZmE3OTdiNzU0ZGY5ZDc5ZWQ4ZWZhNjp7Il9hdXRoX3VzZXJfaWQiOiIxIiwiX2F1dGhfdXNlcl9iYWNrZW5kIjoiZGphbmdvLmNvbnRyaWIuYXV0aC5iYWNrZW5kcy5Nb2RlbEJhY2tlbmQiLCJfYXV0aF91c2VyX2hhc2giOiJjZTZhM2FmN2YyNjdiOWM5NzEzNDQ5Yzc0ZTk5OWI4YzQ5MWFmYzQ3In0=", "expire_date": "2018-02-02T01:29:51.028Z"}}, {"model": "sessions.session", "pk": "leoxmxo0q554szbni56oack6jh9a4x7q", "fields": {"session_data": "NTA1N2RiYWVmYmFhMmNjMTg4N2E2M2ZmZDE3MGJiMDcxNzU1MWNiZDp7Il9hdXRoX3VzZXJfaWQiOiIyIiwiX2F1dGhfdXNlcl9iYWNrZW5kIjoiZGphbmdvLmNvbnRyaWIuYXV0aC5iYWNrZW5kcy5Nb2RlbEJhY2tlbmQiLCJfYXV0aF91c2VyX2hhc2giOiI4OGFmMjFkYzNmYjU3N2EzMDYyZjNhMDQxMzJjZTgyNTU5Njk3MmJiIn0=", "expire_date": "2018-02-02T12:10:10.180Z"}}, {"model": "sessions.session", "pk": "lhe61slm67ybx29geg3i6x0mt1f7xddq", "fields": {"session_data": "YTAzMDVjZTFkOTIwNjE1ZjI0ZmE3OTdiNzU0ZGY5ZDc5ZWQ4ZWZhNjp7Il9hdXRoX3VzZXJfaWQiOiIxIiwiX2F1dGhfdXNlcl9iYWNrZW5kIjoiZGphbmdvLmNvbnRyaWIuYXV0aC5iYWNrZW5kcy5Nb2RlbEJhY2tlbmQiLCJfYXV0aF91c2VyX2hhc2giOiJjZTZhM2FmN2YyNjdiOWM5NzEzNDQ5Yzc0ZTk5OWI4YzQ5MWFmYzQ3In0=", "expire_date": "2018-02-04T03:45:07.742Z"}}, {"model": "sessions.session", "pk": "r4sw61ab428mqiaqe9bckfg85ijhe41k", "fields": {"session_data": "NTA1N2RiYWVmYmFhMmNjMTg4N2E2M2ZmZDE3MGJiMDcxNzU1MWNiZDp7Il9hdXRoX3VzZXJfaWQiOiIyIiwiX2F1dGhfdXNlcl9iYWNrZW5kIjoiZGphbmdvLmNvbnRyaWIuYXV0aC5iYWNrZW5kcy5Nb2RlbEJhY2tlbmQiLCJfYXV0aF91c2VyX2hhc2giOiI4OGFmMjFkYzNmYjU3N2EzMDYyZjNhMDQxMzJjZTgyNTU5Njk3MmJiIn0=", "expire_date": "2018-02-03T23:57:00.458Z"}}, {"model": "sessions.session", "pk": "wm7af48zukdltinfeno6ckplxijo00p7", "fields": {"session_data": "YzA4NmZjMjdkOTQxMzg5ZTA1MTAxNTc3MjA0Mzk0NDMxMjYwN2Q0ZDp7Il9hdXRoX3VzZXJfaWQiOiIzIiwiX2F1dGhfdXNlcl9iYWNrZW5kIjoiZGphbmdvLmNvbnRyaWIuYXV0aC5iYWNrZW5kcy5Nb2RlbEJhY2tlbmQiLCJfYXV0aF91c2VyX2hhc2giOiJhY2FiOThjM2M2NTVlMjUzODM5MzFjNmJiMGI0NDgxNjMzMzQwNmFlIn0=", "expire_date": "2018-02-02T00:29:39.410Z"}}, {"model": "sessions.session", "pk": "xbq02b25j06bxqq0u2zsw0egankuw7xm", "fields": {"session_data": "ZTAxMmY3YjFiYjNlMTgzNzhjNjY2NjhjNDc4NDdmNDk2YTY0NzI5MDp7Il9hdXRoX3VzZXJfaWQiOiI4IiwiX2F1dGhfdXNlcl9iYWNrZW5kIjoiZGphbmdvLmNvbnRyaWIuYXV0aC5iYWNrZW5kcy5Nb2RlbEJhY2tlbmQiLCJfYXV0aF91c2VyX2hhc2giOiI1Y2QxY2Y4OGRkZWMyZWZhZGEyZmQ1NWM0Yzc3ZTZlMzNmZjg0NWU5In0=", "expire_date": "2018-02-02T10:21:08.954Z"}}, {"model": "sessions.session", "pk": "xnrmm406a2d8ati5hba54934h4xivjv3", "fields": {"session_data": "MTNhNzk1ZThkZGVmOWI3ODNlOWNjZGNjYzMyZjNlYThlMmE0YzRkYjp7Il9hdXRoX3VzZXJfaWQiOiI5IiwiX2F1dGhfdXNlcl9iYWNrZW5kIjoiZGphbmdvLmNvbnRyaWIuYXV0aC5iYWNrZW5kcy5Nb2RlbEJhY2tlbmQiLCJfYXV0aF91c2VyX2hhc2giOiJiODU3YWZkYTkyOGM1NGRjMmFiZTA4ZjRkNGI0MWM1NDVmOTExZWYzIn0=", "expire_date": "2018-02-02T19:42:48.549Z"}}, {"model": "home.settings", "pk": 1, "fields": {"current_week": 1}}, {"model": "teams.team", "pk": 1, "fields": {"name": "NFC"}}, {"model": "teams.team", "pk": 2, "fields": {"name": "AFC"}}, {"model": "teams.team", "pk": 3, "fields": {"name": "New England Patriots"}}, {"model": "teams.team", "pk": 4, "fields": {"name": "Jacksonville Jaguars"}}, {"model": "teams.team", "pk": 5, "fields": {"name": "Minnesota Vikings"}}, {"model": "teams.team", "pk": 6, "fields": {"name": "Philadelphia Eagles"}}, {"model": "weeks.week", "pk": 1, "fields": {"description": "Conference"}}, {"model": "weeks.week", "pk": 2, "fields": {"description": "Pro Bowl"}}, {"model": "weeks.week", "pk": 3, "fields": {"description": "Superbowl"}}, {"model": "games.game", "pk": 1, "fields": {"week": 1, "home_team": 3, "away_team": 4, "home_team_score": 0, "away_team_score": 0, "game_day": "2018-01-21T20:05:00Z", "finished": false}}, {"model": "games.game", "pk": 2, "fields": {"week": 1, "home_team": 6, "away_team": 5, "home_team_score": 0, "away_team_score": 0, "game_day": "2018-01-21T23:40:00Z", "finished": false}}, {"model": "games.game", "pk": 3, "fields": {"week": 2, "home_team": 1, "away_team": 2, "home_team_score": 0, "away_team_score": 0, "game_day": "2018-01-28T20:00:00Z", "finished": false}}, {"model": "auth.permission", "pk": 1, "fields": {"name": "Can add log entry", "content_type": 1, "codename": "add_logentry"}}, {"model": "auth.permission", "pk": 2, "fields": {"name": "Can change log entry", "content_type": 1, "codename": "change_logentry"}}, {"model": "auth.permission", "pk": 3, "fields": {"name": "Can delete log entry", "content_type": 1, "codename": "delete_logentry"}}, {"model": "auth.permission", "pk": 4, "fields": {"name": "Can add permission", "content_type": 2, "codename": "add_permission"}}, {"model": "auth.permission", "pk": 5, "fields": {"name": "Can change permission", "content_type": 2, "codename": "change_permission"}}, {"model": "auth.permission", "pk": 6, "fields": {"name": "Can delete permission", "content_type": 2, "codename": "delete_permission"}}, {"model": "auth.permission", "pk": 7, "fields": {"name": "Can add group", "content_type": 3, "codename": "add_group"}}, {"model": "auth.permission", "pk": 8, "fields": {"name": "Can change group", "content_type": 3, "codename": "change_group"}}, {"model": "auth.permission", "pk": 9, "fields": {"name": "Can delete group", "content_type": 3, "codename": "delete_group"}}, {"model": "auth.permission", "pk": 10, "fields": {"name": "Can add user", "content_type": 4, "codename": "add_user"}}, {"model": "auth.permission", "pk": 11, "fields": {"name": "Can change user", "content_type": 4, "codename": "change_user"}}, {"model": "auth.permission", "pk": 12, "fields": {"name": "Can delete user", "content_type": 4, "codename": "delete_user"}}, {"model": "auth.permission", "pk": 13, "fields": {"name": "Can add content type", "content_type": 5, "codename": "add_contenttype"}}, {"model": "auth.permission", "pk": 14, "fields": {"name": "Can change content type", "content_type": 5, "codename": "change_contenttype"}}, {"model": "auth.permission", "pk": 15, "fields": {"name": "Can delete content type", "content_type": 5, "codename": "delete_contenttype"}}, {"model": "auth.permission", "pk": 16, "fields": {"name": "Can add session", "content_type": 6, "codename": "add_session"}}, {"model": "auth.permission", "pk": 17, "fields": {"name": "Can change session", "content_type": 6, "codename": "change_session"}}, {"model": "auth.permission", "pk": 18, "fields": {"name": "Can delete session", "content_type": 6, "codename": "delete_session"}}, {"model": "auth.permission", "pk": 19, "fields": {"name": "Can add registration profile", "content_type": 7, "codename": "add_registrationprofile"}}, {"model": "auth.permission", "pk": 20, "fields": {"name": "Can change registration profile", "content_type": 7, "codename": "change_registrationprofile"}}, {"model": "auth.permission", "pk": 21, "fields": {"name": "Can delete registration profile", "content_type": 7, "codename": "delete_registrationprofile"}}, {"model": "auth.permission", "pk": 22, "fields": {"name": "Can add settings", "content_type": 8, "codename": "add_settings"}}, {"model": "auth.permission", "pk": 23, "fields": {"name": "Can change settings", "content_type": 8, "codename": "change_settings"}}, {"model": "auth.permission", "pk": 24, "fields": {"name": "Can delete settings", "content_type": 8, "codename": "delete_settings"}}, {"model": "auth.permission", "pk": 25, "fields": {"name": "Can add team", "content_type": 9, "codename": "add_team"}}, {"model": "auth.permission", "pk": 26, "fields": {"name": "Can change team", "content_type": 9, "codename": "change_team"}}, {"model": "auth.permission", "pk": 27, "fields": {"name": "Can delete team", "content_type": 9, "codename": "delete_team"}}, {"model": "auth.permission", "pk": 28, "fields": {"name": "Can add week", "content_type": 10, "codename": "add_week"}}, {"model": "auth.permission", "pk": 29, "fields": {"name": "Can change week", "content_type": 10, "codename": "change_week"}}, {"model": "auth.permission", "pk": 30, "fields": {"name": "Can delete week", "content_type": 10, "codename": "delete_week"}}, {"model": "auth.permission", "pk": 31, "fields": {"name": "Can add game", "content_type": 11, "codename": "add_game"}}, {"model": "auth.permission", "pk": 32, "fields": {"name": "Can change game", "content_type": 11, "codename": "change_game"}}, {"model": "auth.permission", "pk": 33, "fields": {"name": "Can delete game", "content_type": 11, "codename": "delete_game"}}, {"model": "auth.permission", "pk": 34, "fields": {"name": "Can add result", "content_type": 12, "codename": "add_result"}}, {"model": "auth.permission", "pk": 35, "fields": {"name": "Can change result", "content_type": 12, "codename": "change_result"}}, {"model": "auth.permission", "pk": 36, "fields": {"name": "Can delete result", "content_type": 12, "codename": "delete_result"}}, {"model": "auth.permission", "pk": 37, "fields": {"name": "Can add profile", "content_type": 13, "codename": "add_profile"}}, {"model": "auth.permission", "pk": 38, "fields": {"name": "Can change profile", "content_type": 13, "codename": "change_profile"}}, {"model": "auth.permission", "pk": 39, "fields": {"name": "Can delete profile", "content_type": 13, "codename": "delete_profile"}}, {"model": "auth.permission", "pk": 40, "fields": {"name": "Can add general", "content_type": 14, "codename": "add_general"}}, {"model": "auth.permission", "pk": 41, "fields": {"name": "Can change general", "content_type": 14, "codename": "change_general"}}, {"model": "auth.permission", "pk": 42, "fields": {"name": "Can delete general", "content_type": 14, "codename": "delete_general"}}, {"model": "auth.permission", "pk": 43, "fields": {"name": "Can add weekly", "content_type": 15, "codename": "add_weekly"}}, {"model": "auth.permission", "pk": 44, "fields": {"name": "Can change weekly", "content_type": 15, "codename": "change_weekly"}}, {"model": "auth.permission", "pk": 45, "fields": {"name": "Can delete weekly", "content_type": 15, "codename": "delete_weekly"}}, {"model": "auth.user", "pk": 1, "fields": {"password": "pbkdf2_sha256$100000$CfqZjoRJwoWC$pFy6qW5aS2vKXDst0PlFzo440yGepvNO0XLhKqpVL3s=", "last_login": "2018-01-21T03:45:07.721Z", "is_superuser": true, "username": "admin", "first_name": "", "last_name": "", "email": "abrunacci@bitson.com.ar", "is_staff": true, "is_active": true, "date_joined": "2018-01-19T00:11:38.332Z", "groups": [], "user_permissions": []}}, {"model": "auth.user", "pk": 2, "fields": {"password": "pbkdf2_sha256$100000$OHg9EwHVRQkZ$Qq8hRmQydGrBeAHuQIo6F2GF7Tz5ZwmLh4hJoACXxMQ=", "last_login": "2018-01-20T23:57:00.438Z", "is_superuser": false, "username": "abrunacci", "first_name": "", "last_name": "", "email": "abrunacci@bitson.group", "is_staff": false, "is_active": true, "date_joined": "2018-01-19T00:18:54.661Z", "groups": [], "user_permissions": []}}, {"model": "auth.user", "pk": 3, "fields": {"password": "pbkdf2_sha256$100000$OTMLVM1b5ysZ$6yp812azHyc/8HzP8KC7V+7T1RbvD2eyr6lEoGIVMwY=", "last_login": "2018-01-19T00:29:39.396Z", "is_superuser": false, "username": "Lengo", "first_name": "", "last_name": "", "email": "lengo@live.com.ar", "is_staff": false, "is_active": true, "date_joined": "2018-01-19T00:29:16.266Z", "groups": [], "user_permissions": []}}, {"model": "auth.user", "pk": 4, "fields": {"password": "pbkdf2_sha256$100000$pI19scRXasOO$hzKD4bpDut6lFLpLfiv5snuje6aSqEv3KnSkytN9AEg=", "last_login": "2018-01-19T19:57:03.368Z", "is_superuser": false, "username": "MarcoCenturion", "first_name": "", "last_name": "", "email": "marcoacenturion@hotmail.com", "is_staff": false, "is_active": true, "date_joined": "2018-01-19T00:29:35.095Z", "groups": [], "user_permissions": []}}, {"model": "auth.user", "pk": 5, "fields": {"password": "pbkdf2_sha256$100000$fZmDeXIOaQix$d402KFnhFRSr+JbeHIQg5ERaB+UH/g9zyHImUVTDjm4=", "last_login": "2018-01-19T01:46:01.052Z", "is_superuser": false, "username": "Martinwizi", "first_name": "", "last_name": "", "email": "martowizi@gmail.com", "is_staff": false, "is_active": true, "date_joined": "2018-01-19T00:53:05.545Z", "groups": [], "user_permissions": []}}, {"model": "auth.user", "pk": 6, "fields": {"password": "pbkdf2_sha256$100000$NoUxfTK2bn9F$DU/ql1CChZxdg9qsmE0nFGnJiquXoNhzgX8iDAXdAyU=", "last_login": "2018-01-19T01:30:20.120Z", "is_superuser": false, "username": "@juanmanutoledo", "first_name": "", "last_name": "", "email": "juanmanuel.toledo@gmail.com", "is_staff": false, "is_active": true, "date_joined": "2018-01-19T01:28:25.110Z", "groups": [], "user_permissions": []}}, {"model": "auth.user", "pk": 7, "fields": {"password": "pbkdf2_sha256$100000$3x8MZu1hFx08$hiLSBnS0rIp8Z3ZueEAKU1k4u+lBFz2qkOGcSDjHlN4=", "last_login": "2018-01-19T02:23:22.973Z", "is_superuser": false, "username": "jayaice", "first_name": "", "last_name": "", "email": "jayaice@gmail.com", "is_staff": false, "is_active": true, "date_joined": "2018-01-19T02:22:47.920Z", "groups": [], "user_permissions": []}}, {"model": "auth.user", "pk": 8, "fields": {"password": "pbkdf2_sha256$100000$nBqP8O15yQfl$66GEFRcbUhonUa92CVbmz+YrBXZgmER66GN4vXYbdTo=", "last_login": "2018-01-19T10:21:08.906Z", "is_superuser": false, "username": "LeoDalo", "first_name": "", "last_name": "", "email": "leodalo@hotmail.com", "is_staff": false, "is_active": true, "date_joined": "2018-01-19T02:54:42.543Z", "groups": [], "user_permissions": []}}, {"model": "auth.user", "pk": 9, "fields": {"password": "pbkdf2_sha256$100000$KAKEVKnrkGoH$t40y19sudhAXrW8o2PPbC3sKTKTpsvuB8pu9FkAyo98=", "last_login": "2018-01-19T19:42:48.532Z", "is_superuser": false, "username": "ChainoMontoya", "first_name": "", "last_name": "", "email": "chinomontoya85@hotmail.com", "is_staff": false, "is_active": true, "date_joined": "2018-01-19T19:32:58.033Z", "groups": [], "user_permissions": []}}, {"model": "auth.user", "pk": 10, "fields": {"password": "pbkdf2_sha256$100000$kVQzc2wIn2j1$9Jfpq3no8m4J7cQ9Hf/n+YzE/6r+p+T1vVW+TcvaWjY=", "last_login": "2018-01-19T22:48:23.041Z", "is_superuser": false, "username": "NicoMaslo", "first_name": "", "last_name": "", "email": "nmaslo@gmail.com", "is_staff": false, "is_active": true, "date_joined": "2018-01-19T22:48:09.305Z", "groups": [], "user_permissions": []}}, {"model": "auth.user", "pk": 11, "fields": {"password": "pbkdf2_sha256$100000$ExYV2TAWPPSJ$A/V5bDakl2bxStk3xmvPXH3dnvfJX2N29O9rZRy6BP8=", "last_login": "2018-01-19T22:54:15.120Z", "is_superuser": false, "username": "luisgonzalo87", "first_name": "", "last_name": "", "email": "luisgonzalo87@gmail.com", "is_staff": false, "is_active": true, "date_joined": "2018-01-19T22:53:55.956Z", "groups": [], "user_permissions": []}}, {"model": "auth.user", "pk": 12, "fields": {"password": "pbkdf2_sha256$100000$m2MS51Beva7V$pnckMEr6Mw0U3ETnprjDStVDelQYC/1YasuFRyb1nko=", "last_login": "2018-01-19T23:25:56.663Z", "is_superuser": false, "username": "ER._", "first_name": "", "last_name": "", "email": "elbioriv@gmail.com", "is_staff": false, "is_active": true, "date_joined": "2018-01-19T23:25:39.081Z", "groups": [], "user_permissions": []}}, {"model": "auth.user", "pk": 13, "fields": {"password": "pbkdf2_sha256$100000$bpJ2SsslBPFA$53kelv6e3vZYeCmOE3CTmxLXHtbkznKdwwoZUqdQuAE=", "last_login": "2018-01-20T02:45:54.816Z", "is_superuser": false, "username": "bilinkis", "first_name": "", "last_name": "", "email": "santiago@bilinkis.com", "is_staff": false, "is_active": true, "date_joined": "2018-01-20T02:45:25.439Z", "groups": [], "user_permissions": []}}, {"model": "auth.user", "pk": 14, "fields": {"password": "pbkdf2_sha256$100000$1kpgrPLS9Hvk$VWGnG2LuEoaDReqCPUzsPwdxjO5nhycXFzhh9q3O0dU=", "last_login": "2018-01-20T15:44:39.638Z", "is_superuser": false, "username": "Hessed.Elohim", "first_name": "", "last_name": "", "email": "lgs991@gmail.com", "is_staff": false, "is_active": true, "date_joined": "2018-01-20T15:44:10.843Z", "groups": [], "user_permissions": []}}, {"model": "auth.user", "pk": 15, "fields": {"password": "pbkdf2_sha256$100000$bYtLrwMTPtDY$e3v09Feew9zadqBqKl/Pags197U3z6XE+FAsfGN1KH4=", "last_login": "2018-01-20T17:26:56.873Z", "is_superuser": false, "username": "mfreixa", "first_name": "", "last_name": "", "email": "miguel.freixa@gmail.com", "is_staff": false, "is_active": true, "date_joined": "2018-01-20T17:25:01.157Z", "groups": [], "user_permissions": []}}, {"model": "results.result", "pk": 1, "fields": {"user": 2, "week": 1, "game": 1, "away_score": 29, "home_score": 25, "processed": false}}, {"model": "results.result", "pk": 2, "fields": {"user": 2, "week": 1, "game": 2, "away_score": 20, "home_score": 32, "processed": false}}, {"model": "results.result", "pk": 3, "fields": {"user": 4, "week": 1, "game": 1, "away_score": 35, "home_score": 28, "processed": false}}, {"model": "results.result", "pk": 4, "fields": {"user": 4, "week": 1, "game": 2, "away_score": 10, "home_score": 17, "processed": false}}, {"model": "results.result", "pk": 5, "fields": {"user": 3, "week": 1, "game": 1, "away_score": 14, "home_score": 28, "processed": false}}, {"model": "results.result", "pk": 6, "fields": {"user": 3, "week": 1, "game": 2, "away_score": 21, "home_score": 28, "processed": false}}, {"model": "results.result", "pk": 7, "fields": {"user": 6, "week": 1, "game": 1, "away_score": 21, "home_score": 31, "processed": false}}, {"model": "results.result", "pk": 8, "fields": {"user": 6, "week": 1, "game": 2, "away_score": 20, "home_score": 24, "processed": false}}, {"model": "results.result", "pk": 9, "fields": {"user": 6, "week": 2, "game": 3, "away_score": 38, "home_score": 31, "processed": false}}, {"model": "results.result", "pk": 10, "fields": {"user": 5, "week": 1, "game": 1, "away_score": 20, "home_score": 22, "processed": false}}, {"model": "results.result", "pk": 11, "fields": {"user": 5, "week": 1, "game": 2, "away_score": 23, "home_score": 30, "processed": false}}, {"model": "results.result", "pk": 12, "fields": {"user": 7, "week": 1, "game": 1, "away_score": 17, "home_score": 28, "processed": false}}, {"model": "results.result", "pk": 13, "fields": {"user": 7, "week": 1, "game": 2, "away_score": 24, "home_score": 16, "processed": false}}, {"model": "results.result", "pk": 14, "fields": {"user": 8, "week": 1, "game": 1, "away_score": 7, "home_score": 27, "processed": false}}, {"model": "results.result", "pk": 15, "fields": {"user": 8, "week": 1, "game": 2, "away_score": 0, "home_score": 0, "processed": false}}, {"model": "results.result", "pk": 16, "fields": {"user": 9, "week": 1, "game": 1, "away_score": 21, "home_score": 35, "processed": false}}, {"model": "results.result", "pk": 17, "fields": {"user": 9, "week": 1, "game": 2, "away_score": 24, "home_score": 29, "processed": false}}, {"model": "results.result", "pk": 18, "fields": {"user": 11, "week": 1, "game": 1, "away_score": 13, "home_score": 27, "processed": false}}, {"model": "results.result", "pk": 19, "fields": {"user": 11, "week": 1, "game": 2, "away_score": 17, "home_score": 24, "processed": false}}, {"model": "results.result", "pk": 20, "fields": {"user": 10, "week": 1, "game": 1, "away_score": 24, "home_score": 35, "processed": false}}, {"model": "results.result", "pk": 21, "fields": {"user": 10, "week": 1, "game": 2, "away_score": 20, "home_score": 24, "processed": false}}, {"model": "results.result", "pk": 22, "fields": {"user": 12, "week": 1, "game": 1, "away_score": 14, "home_score": 24, "processed": false}}, {"model": "results.result", "pk": 23, "fields": {"user": 12, "week": 1, "game": 2, "away_score": 27, "home_score": 20, "processed": false}}, {"model": "results.result", "pk": 24, "fields": {"user": 13, "week": 1, "game": 1, "away_score": 10, "home_score": 31, "processed": false}}, {"model": "results.result", "pk": 25, "fields": {"user": 13, "week": 1, "game": 2, "away_score": 17, "home_score": 20, "processed": false}}, {"model": "results.result", "pk": 26, "fields": {"user": 13, "week": 2, "game": 3, "away_score": 34, "home_score": 41, "processed": false}}, {"model": "results.result", "pk": 27, "fields": {"user": 14, "week": 1, "game": 1, "away_score": 27, "home_score": 25, "processed": false}}, {"model": "results.result", "pk": 28, "fields": {"user": 14, "week": 1, "game": 2, "away_score": 20, "home_score": 18, "processed": false}}, {"model": "results.result", "pk": 29, "fields": {"user": 3, "week": 2, "game": 3, "away_score": 35, "home_score": 28, "processed": false}}, {"model": "account.profile", "pk": 1, "fields": {"user": 1, "email_confirmed": false}}, {"model": "account.profile", "pk": 2, "fields": {"user": 2, "email_confirmed": true}}, {"model": "account.profile", "pk": 3, "fields": {"user": 3, "email_confirmed": true}}, {"model": "account.profile", "pk": 4, "fields": {"user": 4, "email_confirmed": true}}, {"model": "account.profile", "pk": 5, "fields": {"user": 5, "email_confirmed": true}}, {"model": "account.profile", "pk": 6, "fields": {"user": 6, "email_confirmed": true}}, {"model": "account.profile", "pk": 7, "fields": {"user": 7, "email_confirmed": true}}, {"model": "account.profile", "pk": 8, "fields": {"user": 8, "email_confirmed": true}}, {"model": "account.profile", "pk": 9, "fields": {"user": 9, "email_confirmed": true}}, {"model": "account.profile", "pk": 10, "fields": {"user": 10, "email_confirmed": true}}, {"model": "account.profile", "pk": 11, "fields": {"user": 11, "email_confirmed": true}}, {"model": "account.profile", "pk": 12, "fields": {"user": 12, "email_confirmed": true}}, {"model": "account.profile", "pk": 13, "fields": {"user": 13, "email_confirmed": true}}, {"model": "account.profile", "pk": 14, "fields": {"user": 14, "email_confirmed": true}}, {"model": "account.profile", "pk": 15, "fields": {"user": 15, "email_confirmed": true}}, {"model": "standings.general", "pk": 1, "fields": {"user": 2, "winner_hits": 0, "exact_hits": 0, "difference_hits": 0, "points": 0}}, {"model": "standings.general", "pk": 2, "fields": {"user": 3, "winner_hits": 0, "exact_hits": 0, "difference_hits": 0, "points": 0}}, {"model": "standings.general", "pk": 3, "fields": {"user": 4, "winner_hits": 0, "exact_hits": 0, "difference_hits": 0, "points": 0}}, {"model": "standings.general", "pk": 4, "fields": {"user": 6, "winner_hits": 0, "exact_hits": 0, "difference_hits": 0, "points": 0}}, {"model": "standings.general", "pk": 5, "fields": {"user": 5, "winner_hits": 0, "exact_hits": 0, "difference_hits": 0, "points": 0}}, {"model": "standings.general", "pk": 6, "fields": {"user": 7, "winner_hits": 0, "exact_hits": 0, "difference_hits": 0, "points": 0}}, {"model": "standings.general", "pk": 7, "fields": {"user": 8, "winner_hits": 0, "exact_hits": 0, "difference_hits": 0, "points": 0}}, {"model": "standings.general", "pk": 9, "fields": {"user": 9, "winner_hits": 0, "exact_hits": 0, "difference_hits": 0, "points": 0}}, {"model": "standings.general", "pk": 10, "fields": {"user": 10, "winner_hits": 0, "exact_hits": 0, "difference_hits": 0, "points": 0}}, {"model": "standings.general", "pk": 11, "fields": {"user": 11, "winner_hits": 0, "exact_hits": 0, "difference_hits": 0, "points": 0}}, {"model": "standings.general", "pk": 12, "fields": {"user": 12, "winner_hits": 0, "exact_hits": 0, "difference_hits": 0, "points": 0}}, {"model": "standings.general", "pk": 13, "fields": {"user": 13, "winner_hits": 0, "exact_hits": 0, "difference_hits": 0, "points": 0}}, {"model": "standings.general", "pk": 14, "fields": {"user": 14, "winner_hits": 0, "exact_hits": 0, "difference_hits": 0, "points": 0}}, {"model": "standings.general", "pk": 15, "fields": {"user": 15, "winner_hits": 0, "exact_hits": 0, "difference_hits": 0, "points": 0}}, {"model": "standings.weekly", "pk": 1, "fields": {"user": 2, "week": 1, "winner_hits": 0, "exact_hits": 0, "difference_hits": 0, "points": 0, "processed": false}}, {"model": "standings.weekly", "pk": 2, "fields": {"user": 3, "week": 1, "winner_hits": 0, "exact_hits": 0, "difference_hits": 0, "points": 0, "processed": false}}, {"model": "standings.weekly", "pk": 3, "fields": {"user": 4, "week": 1, "winner_hits": 0, "exact_hits": 0, "difference_hits": 0, "points": 0, "processed": false}}, {"model": "standings.weekly", "pk": 4, "fields": {"user": 6, "week": 1, "winner_hits": 0, "exact_hits": 0, "difference_hits": 0, "points": 0, "processed": false}}, {"model": "standings.weekly", "pk": 5, "fields": {"user": 5, "week": 1, "winner_hits": 0, "exact_hits": 0, "difference_hits": 0, "points": 0, "processed": false}}, {"model": "standings.weekly", "pk": 6, "fields": {"user": 7, "week": 1, "winner_hits": 0, "exact_hits": 0, "difference_hits": 0, "points": 0, "processed": false}}, {"model": "standings.weekly", "pk": 7, "fields": {"user": 8, "week": 1, "winner_hits": 0, "exact_hits": 0, "difference_hits": 0, "points": 0, "processed": false}}, {"model": "standings.weekly", "pk": 9, "fields": {"user": 9, "week": 1, "winner_hits": 0, "exact_hits": 0, "difference_hits": 0, "points": 0, "processed": false}}, {"model": "standings.weekly", "pk": 10, "fields": {"user": 10, "week": 1, "winner_hits": 0, "exact_hits": 0, "difference_hits": 0, "points": 0, "processed": false}}, {"model": "standings.weekly", "pk": 11, "fields": {"user": 11, "week": 1, "winner_hits": 0, "exact_hits": 0, "difference_hits": 0, "points": 0, "processed": false}}, {"model": "standings.weekly", "pk": 12, "fields": {"user": 12, "week": 1, "winner_hits": 0, "exact_hits": 0, "difference_hits": 0, "points": 0, "processed": false}}, {"model": "standings.weekly", "pk": 13, "fields": {"user": 13, "week": 1, "winner_hits": 0, "exact_hits": 0, "difference_hits": 0, "points": 0, "processed": false}}, {"model": "standings.weekly", "pk": 14, "fields": {"user": 14, "week": 1, "winner_hits": 0, "exact_hits": 0, "difference_hits": 0, "points": 0, "processed": false}}, {"model": "standings.weekly", "pk": 15, "fields": {"user": 15, "week": 1, "winner_hits": 0, "exact_hits": 0, "difference_hits": 0, "points": 0, "processed": false}}, {"model": "admin.logentry", "pk": 1, "fields": {"action_time": "2018-01-19T00:15:42.309Z", "user": 1, "content_type": 10, "object_id": "1", "object_repr": "Conference", "action_flag": 1, "change_message": "[{\"added\": {}}]"}}, {"model": "admin.logentry", "pk": 2, "fields": {"action_time": "2018-01-19T00:15:48.307Z", "user": 1, "content_type": 10, "object_id": "2", "object_repr": "Pro Bowl", "action_flag": 1, "change_message": "[{\"added\": {}}]"}}, {"model": "admin.logentry", "pk": 3, "fields": {"action_time": "2018-01-19T00:15:57.815Z", "user": 1, "content_type": 10, "object_id": "3", "object_repr": "Superbowl", "action_flag": 1, "change_message": "[{\"added\": {}}]"}}, {"model": "admin.logentry", "pk": 4, "fields": {"action_time": "2018-01-19T00:16:15.335Z", "user": 1, "content_type": 8, "object_id": "1", "object_repr": "Settings object (1)", "action_flag": 1, "change_message": "[{\"added\": {}}]"}}, {"model": "admin.logentry", "pk": 5, "fields": {"action_time": "2018-01-19T00:16:59.967Z", "user": 1, "content_type": 9, "object_id": "1", "object_repr": "NFC", "action_flag": 1, "change_message": "[{\"added\": {}}]"}}, {"model": "admin.logentry", "pk": 6, "fields": {"action_time": "2018-01-19T00:17:03.861Z", "user": 1, "content_type": 9, "object_id": "2", "object_repr": "AFC", "action_flag": 1, "change_message": "[{\"added\": {}}]"}}, {"model": "admin.logentry", "pk": 7, "fields": {"action_time": "2018-01-19T00:17:07.056Z", "user": 1, "content_type": 9, "object_id": "3", "object_repr": "New England Patriots", "action_flag": 1, "change_message": "[{\"added\": {}}]"}}, {"model": "admin.logentry", "pk": 8, "fields": {"action_time": "2018-01-19T00:17:10.426Z", "user": 1, "content_type": 9, "object_id": "4", "object_repr": "Jacksonville Jaguars", "action_flag": 1, "change_message": "[{\"added\": {}}]"}}, {"model": "admin.logentry", "pk": 9, "fields": {"action_time": "2018-01-19T00:17:13.361Z", "user": 1, "content_type": 9, "object_id": "5", "object_repr": "Minnesota Vikings", "action_flag": 1, "change_message": "[{\"added\": {}}]"}}, {"model": "admin.logentry", "pk": 10, "fields": {"action_time": "2018-01-19T00:17:17.118Z", "user": 1, "content_type": 9, "object_id": "6", "object_repr": "Philadelphia Eagles", "action_flag": 1, "change_message": "[{\"added\": {}}]"}}, {"model": "admin.logentry", "pk": 11, "fields": {"action_time": "2018-01-19T00:17:40.614Z", "user": 1, "content_type": 11, "object_id": "1", "object_repr": "Conference: Jacksonville Jaguars - New England Patriots", "action_flag": 1, "change_message": "[{\"added\": {}}]"}}, {"model": "admin.logentry", "pk": 12, "fields": {"action_time": "2018-01-19T00:18:06.761Z", "user": 1, "content_type": 11, "object_id": "2", "object_repr": "Conference: Minnesota Vikings - Philadelphia Eagles", "action_flag": 1, "change_message": "[{\"added\": {}}]"}}, {"model": "admin.logentry", "pk": 13, "fields": {"action_time": "2018-01-19T00:28:16.265Z", "user": 1, "content_type": 11, "object_id": "3", "object_repr": "Pro Bowl: AFC - NFC", "action_flag": 1, "change_message": "[{\"added\": {}}]"}}, {"model": "admin.logentry", "pk": 14, "fields": {"action_time": "2018-01-19T12:19:00.319Z", "user": 1, "content_type": 14, "object_id": "8", "object_repr": "General object (8)", "action_flag": 3, "change_message": ""}}, {"model": "admin.logentry", "pk": 15, "fields": {"action_time": "2018-01-19T12:19:34.366Z", "user": 1, "content_type": 15, "object_id": "8", "object_repr": "Weekly object (8)", "action_flag": 3, "change_message": ""}}]